Salesperson_ID,Salesperson_Name
0,Robert Thomas
1,Anna Williams
2,Jessica Williams
3,Tiffany Gibson
4,Jermaine Moore
5,Tammy Williams
6,Joanne Reyes
7,Larry Miller
8,Eric Carroll
9,Teresa Morrison
10,Lauren Green
11,Steven Ward
12,Brenda Patterson
13,Spencer Roberts
14,Michael Henry
15,Wendy Morris
16,Brooke Sanders
17,David Parsons
18,Jesus Orr
19,Keith Patterson
20,Matthew Price
21,Gerald Schmidt
22,Matthew Haley
23,Julie Galvan
24,Christopher Landry
25,Erica Moore
26,Dr. Fernando Miller
27,Elizabeth Levine
28,Curtis Hull
29,Zachary Olson
30,Briana Brooks
31,Thomas Carter
32,Andrew Farley
33,Jason Burton
34,Jasmine Strong
35,Kara Wallace
36,Michael Arnold
37,Derrick Fowler
38,Nancy Butler
39,Elijah Harris
40,Calvin Davis
41,Vanessa Campbell
42,William Robertson
43,Scott Francis
44,Mario Jennings
45,Gary Hamilton
46,Mary Lyons
47,Lucas Steele
48,Richard Vargas
49,Joseph Campbell
