Transaction_ID,Shipping_Cost,Delivery_Region
10000,74.91,South
10001,45.09,Northeast
10002,88.34,West
10003,50.69,South
10004,98.57,South
10005,94.67,South
10006,99.12,South
10007,31.12,West
10008,92.31,Midwest
10009,35.91,West
10010,70.72,South
10011,85.69,Northeast
10012,77.75,West
10013,71.06,South
10014,82.11,Northeast
10015,72.48,Midwest
10016,86.03,Northeast
10017,94.12,South
10018,18.76,West
10019,91.33,Midwest
10020,62.58,South
10021,17.27,West
10022,25.9,West
10023,98.24,Northeast
10024,25.14,South
10025,59.75,West
10026,80.26,South
10027,19.57,South
10028,82.39,Midwest
10029,18.42,South
10030,59.24,Midwest
10031,61.01,South
10032,94.33,South
10033,66.2,Midwest
10035,13.53,Midwest
10036,62.35,Midwest
10037,79.49,Northeast
10038,51.26,Midwest
10039,98.6,South
10040,72.44,Midwest
10041,70.2,South
10042,74.62,Northeast
10043,48.46,West
10044,61.44,Midwest
10045,96.72,Northeast
10046,43.12,West
10048,69.14,Northeast
10049,54.88,South
10050,72.71,Midwest
10051,22.56,South
10053,59.15,West
10054,80.66,West
10055,58.64,South
10056,82.12,South
10057,53.35,Midwest
10058,72.59,Northeast
10059,20.1,West
10060,85.4,Midwest
10061,59.57,Midwest
10062,12.57,West
10063,42.45,Northeast
10064,49.07,Northeast
10065,13.71,Northeast
10066,68.26,South
10067,29.52,South
10068,24.55,West
10069,26.72,South
10070,15.96,West
10071,52.44,South
10072,14.36,Northeast
10073,45.09,West
10074,96.68,South
10075,45.86,Northeast
10077,77.43,South
10078,90.19,South
10079,72.02,South
10080,26.63,Midwest
10082,71.19,South
10083,43.36,Northeast
10084,69.2,South
10085,49.7,West
10086,60.38,South
10087,17.75,Northeast
10088,84.01,Midwest
10089,16.92,West
10090,20.48,Northeast
10091,58.8,Midwest
10092,83.84,West
10093,84.37,Midwest
10094,58.81,Northeast
10095,93.19,Midwest
10096,10.25,Midwest
10097,72.53,Northeast
10098,71.3,West
10099,92.8,Northeast
10100,21.59,South
10101,91.0,West
10102,10.28,Midwest
10103,95.77,South
10104,13.64,Midwest
10105,19.93,Northeast
10106,31.72,Northeast
10107,87.91,West
10108,60.83,Midwest
10109,15.6,Midwest
10110,48.22,Midwest
10111,74.81,Northeast
10112,41.56,South
10113,36.75,West
10114,17.73,West
10115,46.54,Midwest
10116,76.3,West
10117,55.57,West
10119,78.86,Northeast
10120,35.87,West
10121,62.37,South
10122,20.48,Midwest
10123,18.73,Midwest
10124,16.38,West
10125,60.28,Midwest
10126,45.87,South
10127,62.39,Midwest
10128,17.12,West
10129,18.62,Northeast
10130,14.57,Northeast
10131,70.87,West
10132,59.2,Northeast
10134,29.99,Northeast
10135,94.23,Midwest
10136,45.57,South
10137,10.67,South
10138,12.33,South
10139,51.08,West
10140,34.78,Midwest
10141,19.91,West
10142,66.7,Northeast
10143,31.39,West
10144,53.06,Midwest
10145,51.34,South
10146,16.22,Midwest
10147,11.96,Midwest
10148,30.52,West
10149,87.66,South
10150,65.82,South
10151,63.63,West
10152,66.97,Northeast
10153,15.43,South
10154,51.25,South
10155,32.79,West
10156,26.26,Northeast
10157,42.76,Northeast
10158,64.58,South
10159,34.31,Midwest
10160,78.11,South
10161,64.61,Midwest
10162,87.23,Northeast
10163,18.79,West
10164,76.47,Northeast
10165,74.71,Northeast
10167,15.61,Midwest
10168,45.76,Midwest
10169,61.68,Northeast
10170,69.06,Midwest
10171,77.65,West
10172,74.5,Midwest
10173,42.01,Northeast
10174,74.02,West
10175,53.89,Midwest
10176,64.59,West
10177,46.69,Northeast
10178,93.6,Midwest
10179,89.4,South
10180,10.53,Midwest
10181,29.89,West
10182,24.03,Northeast
10183,36.2,West
10184,23.66,Northeast
10185,41.58,Northeast
10186,13.6,Midwest
10187,90.58,Northeast
10188,59.44,Northeast
10189,16.48,Northeast
10190,26.12,West
10191,54.12,South
10192,67.89,West
10193,79.53,South
10194,46.29,Northeast
10195,28.72,Northeast
10196,15.46,Northeast
10198,82.58,South
10199,27.67,Midwest
10200,75.45,South
10201,55.3,South
10202,11.11,Northeast
10203,68.03,West
10204,64.12,Northeast
10205,54.45,South
10206,56.69,South
10207,16.18,Midwest
10208,37.22,West
10209,60.38,Northeast
10210,63.44,Midwest
10211,44.44,South
10212,40.19,Northeast
10213,72.55,Northeast
10214,78.54,Midwest
10215,64.98,West
10216,80.82,West
10217,29.17,Northeast
10218,15.98,West
10219,14.03,Northeast
10220,87.59,Northeast
10221,94.75,West
10222,12.31,West
10223,35.89,South
10224,59.8,South
10225,87.33,South
10226,60.72,Midwest
10227,48.78,Northeast
10228,16.73,West
10229,35.79,West
10230,48.93,South
10231,85.24,Midwest
10232,37.51,South
10233,24.28,Midwest
10234,41.64,Midwest
10235,61.87,Midwest
10236,56.04,South
10237,12.94,Northeast
10238,96.39,South
10239,85.8,West
10240,69.32,West
10241,50.62,Northeast
10242,12.81,West
10243,91.05,South
10244,65.75,West
10245,48.16,Midwest
10246,77.81,Midwest
10247,28.53,Northeast
10248,82.44,Midwest
10249,98.95,South
10250,52.5,Northeast
10251,72.0,South
10252,29.57,Midwest
10253,71.46,Northeast
10254,68.61,Midwest
10255,35.14,West
10256,68.44,Midwest
10257,33.25,South
10258,44.89,West
10259,81.74,South
10260,36.7,West
10261,35.43,South
10262,84.88,South
10263,84.59,Midwest
10264,16.39,Midwest
10265,28.59,West
10266,66.26,West
10267,81.77,South
10268,96.89,Northeast
10269,41.65,Midwest
10270,53.8,South
10271,10.33,West
10272,91.45,Midwest
10273,73.88,South
10274,43.05,West
10275,24.31,Northeast
10276,85.88,West
10277,23.39,Northeast
10278,21.05,West
10279,73.71,West
10280,15.71,South
10281,76.6,Midwest
10282,33.69,South
10283,80.23,South
10284,51.1,Northeast
10285,75.11,Midwest
10286,54.93,South
10287,54.96,Midwest
10288,75.83,Midwest
10289,12.77,Northeast
10290,84.61,South
10291,51.56,Midwest
10292,44.82,West
10293,62.28,Midwest
10294,96.27,West
10295,76.1,West
10296,92.83,Northeast
10297,42.32,Northeast
10298,80.53,West
10299,70.33,Northeast
10300,46.07,Northeast
10301,31.12,Northeast
10302,33.55,Northeast
10303,12.5,West
10304,88.45,Northeast
10305,62.26,Northeast
10306,28.31,West
10307,90.35,Midwest
10308,92.55,South
10309,58.1,West
10310,79.15,West
10311,82.09,Midwest
10312,48.32,West
10313,56.34,West
10314,39.1,West
10315,97.2,Midwest
10316,11.8,West
10317,56.13,Midwest
10318,25.7,Northeast
10319,75.03,Northeast
10320,43.26,Northeast
10321,27.9,South
10322,50.71,Northeast
10323,99.5,South
10324,64.94,Midwest
10325,72.57,West
10326,16.3,West
10327,29.68,West
10328,30.53,West
10329,26.18,Midwest
10330,97.26,Midwest
10331,46.13,Northeast
10332,24.21,Midwest
10333,12.28,Midwest
10334,65.87,Midwest
10335,86.78,West
10336,47.93,Midwest
10337,40.76,West
10338,76.58,West
10339,17.24,South
10340,72.25,Midwest
10341,76.31,South
10342,37.4,West
10343,19.71,South
10344,34.45,Midwest
10345,41.51,Northeast
10346,65.07,West
10347,54.82,West
10348,24.79,Northeast
10349,27.9,Northeast
10350,93.45,South
10351,27.09,South
10352,33.36,Northeast
10353,66.43,West
10354,25.92,West
10355,65.87,Midwest
10357,75.52,South
10358,41.69,South
10359,44.9,West
10360,86.92,Midwest
10361,47.42,Northeast
10362,65.77,West
10363,96.82,Midwest
10364,66.43,Northeast
10365,65.44,Midwest
10366,17.45,South
10367,82.83,Northeast
10368,48.61,West
10369,80.42,Midwest
10370,31.94,South
10372,29.36,Midwest
10373,71.41,Northeast
10374,44.71,Midwest
10375,96.11,South
10376,93.81,Northeast
10377,25.66,South
10378,65.28,West
10379,19.8,Midwest
10381,78.4,South
10382,77.93,South
10383,94.32,Northeast
10384,29.72,Midwest
10385,94.17,Midwest
10386,46.84,West
10387,15.9,West
10388,39.4,Northeast
10389,18.16,Northeast
10390,38.25,South
10391,60.74,West
10392,97.66,West
10394,28.77,South
10395,39.29,West
10396,70.23,South
10397,18.15,Midwest
10398,99.69,South
10399,65.63,West
10400,38.0,Midwest
10401,76.89,Midwest
10402,24.78,West
10403,15.8,Northeast
10404,84.03,Midwest
10405,17.74,Northeast
10406,79.69,South
10407,83.06,South
10408,37.37,Midwest
10409,37.09,South
10410,44.16,Northeast
10411,34.55,Midwest
10412,59.47,West
10413,77.73,Midwest
10414,51.55,Midwest
10415,73.26,South
10416,66.93,West
10417,66.77,Northeast
10418,27.16,South
10419,79.24,West
10420,21.76,Northeast
10421,86.02,Midwest
10422,65.81,Northeast
10423,31.32,South
10424,43.42,Midwest
10425,66.64,South
10426,96.81,West
10427,24.3,Midwest
10428,23.47,Northeast
10429,50.16,Midwest
10430,61.3,Northeast
10431,32.53,South
10432,81.36,South
10433,32.87,West
10434,58.98,West
10435,48.88,West
10436,47.67,Midwest
10437,99.71,West
10438,17.67,West
10439,65.02,Northeast
10440,13.37,South
10441,94.36,Midwest
10442,70.72,Midwest
10443,86.1,West
10444,98.26,West
10445,39.78,South
10446,36.62,West
10447,84.65,South
10448,48.19,Northeast
10449,38.16,Northeast
10450,23.0,Midwest
10451,45.16,Midwest
10452,85.01,Midwest
10453,15.16,West
10454,26.37,Northeast
10455,60.58,South
10456,60.65,South
10457,25.26,West
10458,53.3,Midwest
10459,37.98,Northeast
10460,31.75,West
10461,41.97,Midwest
10462,25.6,South
10463,50.05,South
10464,93.14,West
10465,28.95,Midwest
10466,51.62,Northeast
10467,62.37,Midwest
10468,77.47,West
10469,85.88,South
10470,36.71,Northeast
10471,80.22,South
10472,36.57,South
10473,14.96,South
10474,74.85,Midwest
10475,31.44,South
10476,75.57,West
10477,25.48,Northeast
10478,37.16,Northeast
10479,16.75,South
10480,11.77,South
10481,54.07,West
10482,34.89,West
10483,74.16,West
10484,61.29,South
10485,82.44,Northeast
10486,74.17,South
10487,96.97,West
10488,11.77,Northeast
10489,26.13,Midwest
10490,19.24,Midwest
10491,29.21,South
10492,78.99,Northeast
10493,15.38,West
10494,73.94,Midwest
10495,58.32,Northeast
10496,51.96,West
10497,30.95,Midwest
10498,55.08,South
10499,93.09,Northeast
10500,57.94,South
10501,30.01,Midwest
10502,80.97,Midwest
10503,33.75,Northeast
10504,21.55,South
10505,27.43,West
10506,74.2,West
10507,74.11,West
10508,56.24,Midwest
10509,25.34,Northeast
10510,29.61,South
10511,59.62,Northeast
10512,50.9,West
10513,17.21,Northeast
10514,29.82,South
10515,23.21,South
10516,97.37,Northeast
10517,46.47,West
10518,32.42,South
10519,31.51,West
10520,17.91,South
10521,13.09,Northeast
10522,19.89,Northeast
10523,67.23,Midwest
10524,91.47,West
10525,60.95,West
10526,74.33,Midwest
10527,16.22,West
10528,81.3,Midwest
10529,12.96,Northeast
10530,99.48,West
10531,21.53,South
10532,94.74,Midwest
10533,52.52,West
10534,81.36,Northeast
10535,68.85,West
10536,96.47,South
10537,89.78,Midwest
10538,67.71,South
10539,71.07,Northeast
10540,98.35,West
10541,68.02,West
10542,97.37,West
10543,94.62,Northeast
10544,77.51,Midwest
10545,36.63,West
10546,49.55,Midwest
10547,90.07,West
10548,81.57,Northeast
10549,19.55,Midwest
10550,44.7,Midwest
10551,88.64,Northeast
10552,45.36,South
10553,53.65,South
10554,95.77,Northeast
10555,57.36,Northeast
10556,76.69,South
10557,89.76,South
10559,34.13,West
10560,23.32,West
10561,94.44,Northeast
10562,39.5,South
10563,22.15,South
10564,64.78,West
10565,30.98,Northeast
10566,30.8,Midwest
10567,42.39,Midwest
10568,19.93,West
10569,96.45,West
10570,29.55,Midwest
10571,58.51,Northeast
10572,61.73,Midwest
10573,16.96,West
10574,20.58,Midwest
10575,33.74,Midwest
10576,82.61,Northeast
10577,46.7,West
10578,78.97,West
10579,81.81,Midwest
10580,16.8,Midwest
10581,66.75,Midwest
10582,48.26,South
10583,18.66,Northeast
10584,78.9,Northeast
10585,37.5,West
10586,57.41,Midwest
10587,64.78,Northeast
10588,42.41,Midwest
10589,73.04,West
10590,65.38,Northeast
10592,69.3,South
10593,10.94,South
10594,91.35,West
10595,45.29,West
10596,96.13,Midwest
10597,24.49,West
10598,23.28,West
10599,70.53,Midwest
10600,48.4,Midwest
10601,54.7,West
10602,36.54,South
10603,59.71,West
10605,78.3,South
10606,41.58,Northeast
10607,56.38,Midwest
10608,14.71,West
10609,93.75,Northeast
10610,52.15,West
10611,88.05,West
10612,12.46,West
10613,30.31,West
10614,69.38,South
10615,51.51,West
10616,54.81,Northeast
10617,56.43,Northeast
10618,29.63,Midwest
10619,70.07,West
10620,60.45,Northeast
10621,99.8,West
10622,30.78,Northeast
10623,27.22,South
10624,77.36,Northeast
10625,73.65,Midwest
10626,14.13,West
10627,46.83,South
10628,94.7,West
10629,37.88,West
10630,35.16,Northeast
10631,88.26,Northeast
10632,47.04,Northeast
10633,99.32,Northeast
10634,38.08,South
10636,43.92,Northeast
10637,19.64,Midwest
10638,41.57,West
10639,21.86,South
10640,77.85,West
10641,22.38,Northeast
10642,32.98,South
10643,62.52,Northeast
10644,94.25,South
10645,44.16,Northeast
10646,73.74,West
10647,83.33,Northeast
10648,62.87,West
10649,88.79,Northeast
10650,21.41,Northeast
10651,41.31,South
10652,45.68,South
10653,14.41,West
10654,36.64,South
10655,89.48,Northeast
10656,35.74,Northeast
10657,77.65,Midwest
10658,33.99,South
10659,79.0,Midwest
10660,85.75,West
10661,91.02,Midwest
10662,38.99,West
10663,76.75,Northeast
10664,31.46,Northeast
10665,30.44,Northeast
10666,57.79,South
10667,88.42,Midwest
10668,17.13,West
10669,81.38,Midwest
10670,91.66,South
10671,60.02,Midwest
10672,53.12,West
10673,19.99,Midwest
10674,26.68,Midwest
10675,95.17,Midwest
10676,41.38,Northeast
10677,99.51,Northeast
10678,90.25,Midwest
10679,14.44,Midwest
10680,60.14,South
10681,58.39,West
10682,93.85,West
10683,28.87,West
10684,57.18,South
10685,83.26,West
10686,15.04,Northeast
10687,43.3,South
10688,21.38,South
10689,49.82,South
10690,50.52,South
10691,56.15,West
10692,62.93,Midwest
10693,27.43,South
10694,86.68,Northeast
10695,91.87,Midwest
10696,99.95,Midwest
10697,57.58,Midwest
10698,60.56,West
10699,36.78,Midwest
10700,83.81,West
10701,21.28,Northeast
10702,91.91,Midwest
10703,94.73,Northeast
10704,50.84,South
10705,89.08,Northeast
10706,17.34,South
10707,72.98,Northeast
10708,56.39,South
10709,93.64,West
10710,54.06,Midwest
10711,83.36,Midwest
10712,26.54,Midwest
10713,84.78,West
10714,56.38,Midwest
10716,66.42,Midwest
10717,57.0,West
10719,39.7,Northeast
10720,99.1,West
10721,73.85,Northeast
10722,41.98,South
10723,22.53,Midwest
10724,40.49,West
10725,20.11,South
10726,78.09,Northeast
10727,83.22,Midwest
10728,65.46,South
10729,93.74,Midwest
10730,17.2,West
10731,46.95,South
10732,46.29,South
10733,52.36,West
10734,46.69,South
10735,62.13,South
10737,73.63,West
10738,76.0,Northeast
10739,77.88,South
10740,86.94,Midwest
10741,49.81,West
10742,49.42,South
10743,53.4,Midwest
10744,78.54,South
10745,14.81,Northeast
10746,64.26,South
10747,24.41,Midwest
10749,92.52,West
10750,21.99,West
10751,51.22,West
10752,63.72,Midwest
10753,66.7,West
10754,29.88,Northeast
10755,78.53,South
10756,29.18,Midwest
10757,47.94,Midwest
10758,15.34,South
10759,99.49,Northeast
10760,74.47,Midwest
10761,46.46,Northeast
10762,22.37,South
10763,25.29,Northeast
10764,89.95,Northeast
10765,15.01,South
10766,77.8,South
10767,29.43,Northeast
10768,29.26,West
10769,17.93,Northeast
10770,58.77,West
10771,20.68,South
10772,24.52,West
10773,78.6,Northeast
10774,98.73,Northeast
10775,62.54,Midwest
10776,73.18,Northeast
10777,65.98,South
10778,95.39,West
10779,69.7,Midwest
10780,68.8,West
10781,21.96,Northeast
10782,17.24,South
10783,38.14,South
10784,89.55,Midwest
10786,92.6,South
10787,25.5,South
10788,52.43,Midwest
10789,94.04,Northeast
10790,85.89,South
10791,45.78,West
10792,37.78,Northeast
10793,98.23,Midwest
10794,52.05,West
10795,99.67,Midwest
10796,16.77,Midwest
10798,13.08,West
10799,99.09,Northeast
10800,90.95,West
10801,99.22,South
10802,69.29,Midwest
10803,83.57,Northeast
10804,54.12,Northeast
10805,28.66,South
10806,37.96,Northeast
10807,50.66,Midwest
10808,54.3,Midwest
10809,36.13,Midwest
10810,63.45,West
10812,70.74,South
10813,71.3,Northeast
10814,37.09,West
10815,19.34,Northeast
10816,96.08,West
10817,73.1,West
10818,54.91,South
10819,44.39,Midwest
10821,52.15,Northeast
10822,73.38,Northeast
10823,14.31,Midwest
10824,23.29,Northeast
10825,62.01,Northeast
10826,82.36,West
10827,90.52,Midwest
10828,68.85,West
10829,39.42,West
10830,64.77,South
10831,18.78,Northeast
10832,77.09,Northeast
10833,95.84,South
10834,69.96,Northeast
10835,69.64,Midwest
10836,45.53,West
10837,69.99,Northeast
10838,70.41,South
10840,60.73,South
10841,40.55,Northeast
10842,48.5,Northeast
10843,33.86,Northeast
10844,62.79,South
10845,86.6,Midwest
10846,12.62,South
10847,14.33,Northeast
10848,10.42,West
10849,63.79,South
10850,11.54,Midwest
10851,97.58,South
10852,86.67,Midwest
10853,89.14,West
10854,97.72,South
10855,51.18,Midwest
10856,32.37,Midwest
10857,63.87,West
10858,68.85,Northeast
10859,40.97,West
10860,19.84,West
10861,36.01,South
10862,44.78,West
10863,56.52,South
10864,97.21,South
10865,67.87,West
10866,86.46,Northeast
10867,35.43,Midwest
10868,44.98,Northeast
10869,76.16,West
10870,32.43,Northeast
10871,43.73,West
10872,60.19,West
10873,22.05,Northeast
10874,14.16,Midwest
10875,83.28,Northeast
10876,75.24,Northeast
10877,39.97,Northeast
10878,68.06,South
10879,19.82,Midwest
10880,92.38,West
10881,55.08,South
10882,62.16,Northeast
10883,25.82,Northeast
10884,52.26,Midwest
10885,23.27,South
10886,90.77,Northeast
10887,79.56,South
10888,73.86,South
10889,25.25,Midwest
10891,38.16,Northeast
10892,59.83,Midwest
10893,83.47,West
10894,84.5,West
10895,84.99,West
10896,87.43,West
10897,59.38,West
10898,32.85,West
10899,94.77,Northeast
10900,59.51,South
10901,17.88,Northeast
10902,18.14,Midwest
10903,53.56,South
10904,99.46,South
10905,61.09,Midwest
10906,26.84,South
10907,90.7,West
10908,56.41,Northeast
10910,48.38,West
10911,40.16,South
10912,20.58,South
10913,73.9,South
10914,72.17,West
10915,58.33,Midwest
10916,17.4,Midwest
10917,15.02,Midwest
10918,31.02,Northeast
10919,74.63,West
10920,42.35,West
10921,68.47,South
10922,46.61,West
10923,49.33,Midwest
10924,90.52,Midwest
10925,79.51,South
10926,18.23,South
10927,52.44,South
10928,76.54,Midwest
10929,31.78,West
10930,22.09,Northeast
10931,31.77,West
10932,17.93,Northeast
10933,69.99,South
10934,28.78,Midwest
10935,56.64,Midwest
10936,65.07,Midwest
10937,40.66,South
10938,38.4,West
10939,25.32,Northeast
10940,63.2,Midwest
10941,34.26,West
10942,34.16,West
10943,84.28,South
10944,66.8,Midwest
10945,94.07,Midwest
10946,75.12,Midwest
10947,30.47,South
10948,50.08,Midwest
10949,18.2,West
10950,47.13,West
10951,66.08,Northeast
10952,17.64,West
10953,29.08,West
10954,61.55,Midwest
10955,65.64,South
10956,19.18,Northeast
10957,76.81,Midwest
10958,56.4,Midwest
10959,21.8,Northeast
10960,58.51,Midwest
10961,38.97,Northeast
10962,23.96,Midwest
10963,38.35,West
10964,87.61,South
10965,91.01,Midwest
10966,44.54,West
10967,38.43,Midwest
10968,58.88,South
10969,92.01,West
10970,56.35,Northeast
10971,84.04,South
10972,87.92,West
10973,28.63,Midwest
10974,16.51,Midwest
10975,85.05,Midwest
10976,56.59,Midwest
10977,82.56,South
10978,51.8,Midwest
10979,56.53,West
10980,70.81,West
10981,60.03,Midwest
10982,11.65,West
10983,67.68,Northeast
10984,44.24,West
10985,51.95,Midwest
10986,70.37,West
10987,84.04,Northeast
10988,25.07,Northeast
10989,47.58,Northeast
10990,98.62,West
10991,33.56,Midwest
10992,74.38,Midwest
10993,37.51,Northeast
10994,62.3,South
10995,41.29,West
10996,34.78,West
10997,16.5,Midwest
10998,62.63,Midwest
10999,61.49,South
11000,88.94,South
11001,99.9,Midwest
11002,70.16,South
11003,93.65,Midwest
11004,74.54,West
11005,77.39,Midwest
11006,68.77,West
11007,31.3,Northeast
11008,71.36,West
11009,45.23,South
11010,72.77,Midwest
11011,24.27,South
11012,26.56,West
11013,50.3,Midwest
11014,54.89,Midwest
11015,78.6,West
11016,41.52,Northeast
11017,64.26,West
11018,96.49,Northeast
11019,77.13,South
11020,57.81,South
11021,29.82,South
11022,49.87,South
11023,51.53,Midwest
11024,28.5,Midwest
11025,77.46,West
11026,94.15,South
11027,91.02,Northeast
11028,31.32,Midwest
11029,55.36,Midwest
11030,65.9,South
11031,67.41,West
11032,63.89,West
11033,80.14,West
11034,34.02,Northeast
11035,34.78,South
11036,54.96,Northeast
11037,63.17,Midwest
11038,47.6,Northeast
11039,33.18,Northeast
11040,27.75,South
11041,46.25,West
11042,69.91,South
11043,20.03,Midwest
11044,44.69,West
11045,98.37,Northeast
11046,87.48,Midwest
11047,56.6,West
11048,92.03,Northeast
11049,25.68,South
11050,57.74,West
11051,70.85,South
11052,52.89,Midwest
11053,15.95,Midwest
11054,22.92,South
11055,90.28,Northeast
11056,11.7,West
11057,42.31,South
11058,67.41,Midwest
11059,22.78,Midwest
11060,34.27,Northeast
11061,95.67,South
11062,85.42,Midwest
11063,63.58,Northeast
11064,88.69,Northeast
11065,25.05,Midwest
11066,80.87,West
11067,90.68,West
11068,23.49,West
11069,95.84,Northeast
11070,12.95,Northeast
11071,24.99,Northeast
11072,86.39,Northeast
11073,29.59,South
11074,12.3,Midwest
11075,92.32,West
11076,58.6,Northeast
11077,80.76,Northeast
11079,15.92,South
11080,73.11,Northeast
11081,81.56,Northeast
11082,13.72,West
11083,90.52,West
11084,93.56,South
11085,11.1,Midwest
11086,19.96,West
11087,80.78,Northeast
11088,83.87,West
11089,38.5,West
11090,55.31,Northeast
11091,82.37,Northeast
11092,46.93,West
11093,96.35,Midwest
11094,82.63,West
11095,93.89,Northeast
11096,99.97,South
11097,89.57,South
11098,27.69,South
11099,50.9,West
11100,91.33,South
11101,15.62,West
11102,58.62,Midwest
11103,84.77,South
11104,74.68,South
11105,35.92,Northeast
11106,88.4,Northeast
11107,38.19,South
11108,27.33,Midwest
11109,36.83,Northeast
11110,27.13,South
11111,92.09,South
11113,91.88,South
11114,60.35,South
11115,43.19,West
11116,84.2,South
11117,68.61,Midwest
11118,31.33,South
11119,93.38,South
11120,20.17,West
11121,39.41,Midwest
11122,20.5,Northeast
11123,70.02,Northeast
11124,80.4,West
11125,67.94,Northeast
11126,11.26,Northeast
11127,21.26,Midwest
11128,39.86,West
11129,37.64,South
11130,77.94,Northeast
11131,98.56,West
11132,69.22,Midwest
11133,37.11,South
11134,79.15,West
11135,72.07,Midwest
11136,34.15,South
11138,27.75,West
11139,76.36,South
11140,88.79,West
11141,74.04,Northeast
11142,11.86,Midwest
11143,96.75,Midwest
11144,26.93,South
11145,88.59,Midwest
11146,87.0,Midwest
11148,36.62,West
11149,81.35,Northeast
11150,30.2,West
11151,35.4,Northeast
11152,43.79,West
11153,77.21,South
11154,23.42,Midwest
11155,14.67,Midwest
11156,53.08,Northeast
11157,54.96,Midwest
11158,83.8,Northeast
11159,29.39,Northeast
11160,76.05,South
11161,78.26,South
11162,49.77,West
11163,54.85,South
11164,81.89,Northeast
11165,66.58,Northeast
11166,19.62,Midwest
11167,21.05,Midwest
11168,84.9,Midwest
11169,11.06,South
11170,16.04,West
11171,50.04,West
11172,46.39,West
11173,72.3,South
11174,76.78,Northeast
11175,31.07,Northeast
11176,93.82,Northeast
11177,11.68,West
11178,85.17,Northeast
11179,88.74,West
11180,59.74,Midwest
11181,62.27,South
11182,14.51,West
11183,69.79,Northeast
11184,21.38,Midwest
11185,40.17,South
11186,30.85,Midwest
11187,58.84,South
11188,40.05,Midwest
11189,23.44,Midwest
11190,39.67,Northeast
11191,33.93,South
11192,27.94,Northeast
11193,46.01,South
11194,94.82,South
11195,46.4,Midwest
11196,46.04,Northeast
11197,64.15,West
11198,62.71,Northeast
11199,61.19,South
11200,79.6,South
11202,80.4,West
11203,90.02,Midwest
11205,54.7,West
11206,16.66,South
11207,95.09,West
11208,70.85,West
11209,77.53,South
11210,91.51,Northeast
11211,69.29,South
11212,70.18,West
11213,96.71,West
11214,26.65,Midwest
11215,21.2,Midwest
11217,74.65,Midwest
11218,44.01,Northeast
11220,57.62,West
11221,91.64,West
11223,74.31,Northeast
11224,19.85,Northeast
11225,15.71,Midwest
11226,95.39,Northeast
11227,59.66,South
11228,19.27,Midwest
11229,50.91,South
11230,46.69,Midwest
11231,73.51,West
11232,22.93,West
11233,40.49,Northeast
11234,46.68,West
11235,89.91,South
11236,17.82,South
11237,81.09,Midwest
11238,75.0,Northeast
11239,45.35,West
11240,55.28,Northeast
11241,96.43,Midwest
11242,15.84,Midwest
11243,61.7,Midwest
11244,27.06,Midwest
11245,96.89,Northeast
11246,64.35,Northeast
11247,64.93,South
11248,78.58,West
11250,27.2,Northeast
11251,66.24,South
11252,37.13,Midwest
11253,72.77,South
11254,49.39,West
11255,43.54,South
11256,36.68,South
11257,87.0,Northeast
11258,53.79,South
11259,32.83,South
11260,22.82,Midwest
11261,93.91,Midwest
11262,16.31,Midwest
11263,26.23,Northeast
11264,18.74,West
11265,33.84,Midwest
11266,96.36,Northeast
11267,67.09,South
11268,70.73,South
11269,97.93,Midwest
11270,63.16,South
11271,38.85,Northeast
11272,81.9,Midwest
11273,81.81,West
11274,32.92,Northeast
11275,20.62,Northeast
11276,47.85,Northeast
11277,51.25,Northeast
11278,31.4,West
11279,54.73,Northeast
11280,16.64,Midwest
11281,34.26,West
11282,95.02,South
11283,53.69,Midwest
11284,98.58,West
11285,96.12,Northeast
11286,59.43,Midwest
11287,35.49,Midwest
11288,74.59,South
11289,57.49,South
11290,70.02,South
11291,36.84,Midwest
11292,94.82,Northeast
11293,31.85,West
11294,51.45,South
11295,59.59,Midwest
11296,15.85,Northeast
11297,37.68,South
11298,96.44,Midwest
11299,64.95,South
11300,91.47,South
11301,62.57,West
11302,76.74,West
11303,45.15,Northeast
11304,91.45,Northeast
11305,43.78,Midwest
11306,29.18,South
11307,93.81,Northeast
11308,61.27,West
11309,36.42,Northeast
11310,56.28,West
11311,47.42,Midwest
11312,78.11,West
11313,55.53,South
11314,45.7,Midwest
11315,54.36,Northeast
11316,82.72,West
11317,71.67,West
11318,49.63,Midwest
11319,53.46,West
11320,76.37,South
11321,94.37,Midwest
11322,68.73,West
11323,58.2,South
11324,46.57,South
11325,56.65,South
11326,42.49,Midwest
11327,50.85,Midwest
11328,34.12,West
11329,73.0,West
11330,96.43,Northeast
11331,89.15,Northeast
11332,27.67,Midwest
11333,38.77,South
11334,42.97,West
11335,27.66,Northeast
11336,39.1,Midwest
11337,45.48,Northeast
11338,73.33,Northeast
11339,76.02,West
11340,67.06,Midwest
11341,67.93,Midwest
11342,70.41,South
11343,86.86,South
11345,54.06,Northeast
11346,27.83,Northeast
11347,41.55,West
11349,79.83,South
11350,19.86,Northeast
11351,54.09,Midwest
11352,77.19,West
11353,91.24,West
11354,75.72,West
11355,60.15,South
11356,26.7,Midwest
11357,83.86,West
11358,19.56,West
11359,93.18,South
11360,48.28,Midwest
11361,82.38,West
11362,85.59,South
11363,65.15,West
11364,90.99,South
11365,83.88,Northeast
11366,96.99,Northeast
11367,22.08,Northeast
11368,59.76,Northeast
11369,23.63,South
11370,66.72,Northeast
11371,15.39,Midwest
11372,90.53,Midwest
11373,45.3,West
11374,99.16,South
11375,13.94,Midwest
11376,96.8,South
11377,90.04,West
11378,30.34,South
11379,48.04,Northeast
11380,81.22,Northeast
11381,56.17,Midwest
11382,80.15,Midwest
11383,12.19,Midwest
11384,58.05,West
11385,72.07,Midwest
11386,22.52,Northeast
11387,67.28,South
11388,46.09,West
11389,71.58,West
11390,57.36,Midwest
11391,84.38,Northeast
11392,45.74,South
11393,12.48,Northeast
11394,30.77,South
11395,69.52,Midwest
11396,64.54,South
11397,37.14,South
11398,83.19,Midwest
11400,57.22,Northeast
11401,25.51,Midwest
11402,12.86,Northeast
11403,67.39,Northeast
11404,21.77,Northeast
11405,55.52,Midwest
11406,94.09,Northeast
11407,27.95,South
11408,31.38,Midwest
11409,94.49,Midwest
11410,63.99,Northeast
11411,24.09,Midwest
11412,44.09,Midwest
11414,78.21,Northeast
11415,94.07,Midwest
11416,26.85,Midwest
11417,66.79,Northeast
11418,36.44,Northeast
11419,35.22,Northeast
11420,41.24,South
11421,60.29,Midwest
11422,40.13,West
11423,39.15,South
11424,24.76,Midwest
11425,48.12,South
11426,71.08,West
11427,82.26,South
11428,91.32,Northeast
11429,37.69,West
11430,62.23,West
11431,85.11,South
11432,80.54,South
11433,33.64,West
11434,15.41,Midwest
11435,98.35,Northeast
11436,27.87,Northeast
11437,36.72,South
11438,34.63,South
11439,61.28,Midwest
11440,14.87,South
11441,14.97,Midwest
11442,76.67,Midwest
11443,72.31,South
11444,75.87,South
11445,15.79,Northeast
11446,23.68,South
11447,50.63,Northeast
11448,14.91,South
11449,43.25,Northeast
11451,28.13,Northeast
11452,25.35,West
11453,40.71,Midwest
11454,53.57,Midwest
11455,82.2,West
11456,85.11,West
11457,18.73,Northeast
11458,95.4,West
11459,17.79,West
11460,51.47,South
11461,76.31,South
11462,40.63,Midwest
11463,75.02,West
11464,51.86,Northeast
11465,15.91,South
11466,76.05,Midwest
11467,11.03,Midwest
11468,34.82,West
11469,68.93,Midwest
11470,93.8,Northeast
11471,65.96,West
11472,42.89,West
11473,25.2,Midwest
11474,79.42,Midwest
11475,67.51,Northeast
11476,15.79,West
11477,24.84,Northeast
11478,23.27,Northeast
11479,84.77,West
11480,82.7,Midwest
11481,79.22,West
11482,60.6,West
11483,96.18,South
11484,91.46,West
11485,91.37,Midwest
11486,21.6,Northeast
11487,38.32,West
11488,68.1,West
11489,48.17,South
11490,94.28,Midwest
11491,90.99,Northeast
11492,29.81,Northeast
11493,78.59,Northeast
11494,94.54,West
11495,78.2,Northeast
11496,82.08,West
11497,73.95,Midwest
11498,33.4,Northeast
11499,95.49,West
11500,30.84,Midwest
11501,14.14,West
11502,28.82,Midwest
11503,97.66,Northeast
11504,56.07,West
11505,28.42,Midwest
11506,94.66,South
11507,75.47,Midwest
11508,32.49,Northeast
11509,48.69,South
11510,40.33,West
11511,75.95,West
11512,87.85,Northeast
11513,69.85,West
11514,46.35,Northeast
11515,41.86,Northeast
11517,71.08,South
11518,80.13,West
11519,38.23,West
11520,11.96,South
11521,56.61,South
11522,90.89,Northeast
11523,58.69,Northeast
11524,91.25,Midwest
11525,28.31,Northeast
11526,86.36,South
11527,35.02,South
11528,32.56,Midwest
11529,60.4,Midwest
11530,19.04,West
11531,14.08,West
11532,38.94,West
11533,79.77,South
11534,77.0,Northeast
11535,10.43,Midwest
11536,84.62,South
11537,21.95,Midwest
11538,64.84,West
11539,21.54,West
11540,30.11,Northeast
11541,58.77,South
11542,59.45,Midwest
11543,23.54,South
11544,58.13,West
11545,54.55,Northeast
11546,91.23,Northeast
11547,89.79,Northeast
11548,23.04,Northeast
11549,24.56,South
11550,35.24,South
11551,93.08,Midwest
11552,32.33,Northeast
11553,10.25,South
11554,11.72,Northeast
11555,77.72,West
11556,93.39,South
11557,14.38,South
11558,67.08,West
11559,20.68,Midwest
11560,30.32,West
11561,64.38,West
11562,38.89,West
11563,25.82,West
11564,52.83,Midwest
11565,10.78,Northeast
11566,88.4,Northeast
11567,61.63,Midwest
11568,42.97,West
11569,59.55,Northeast
11570,23.62,South
11571,15.19,Northeast
11572,78.67,Midwest
11573,49.7,Midwest
11574,28.92,Midwest
11575,49.25,Midwest
11576,22.7,Midwest
11577,65.21,Midwest
11578,43.16,South
11579,16.09,Northeast
11580,26.35,Northeast
11581,80.26,West
11582,29.83,Northeast
11583,56.87,West
11584,75.9,Midwest
11585,90.51,Northeast
11586,29.4,Northeast
11587,88.58,Northeast
11588,44.47,South
11589,52.86,West
11590,97.67,Midwest
11591,86.28,West
11592,43.61,Northeast
11593,15.8,Northeast
11594,78.77,West
11595,95.58,Midwest
11596,82.74,Northeast
11597,24.52,West
11598,24.94,South
11599,17.88,South
11600,49.43,South
11601,46.99,West
11602,77.33,West
11603,96.09,Northeast
11604,53.0,South
11605,37.12,South
11606,59.41,Midwest
11607,74.16,Midwest
11608,27.72,West
11609,35.85,South
11610,93.71,Midwest
11611,11.78,Northeast
11612,95.5,Midwest
11613,56.27,South
11614,86.73,West
11616,13.53,West
11617,57.95,South
11618,28.12,Northeast
11619,42.27,West
11620,14.68,Northeast
11621,33.41,Midwest
11622,82.33,South
11623,92.98,West
11624,37.12,South
11625,46.12,South
11626,23.74,South
11627,67.39,West
11628,70.5,West
11629,88.62,South
11630,19.04,West
11631,73.94,West
11632,26.7,Midwest
11633,61.71,South
11634,93.43,Northeast
11635,17.95,South
11636,53.12,West
11637,51.51,West
11638,38.34,Midwest
11639,97.24,South
11640,56.85,West
11641,29.25,Northeast
11642,76.91,Northeast
11643,26.93,West
11644,61.76,South
11645,48.21,South
11646,71.45,South
11647,16.98,Northeast
11648,84.76,South
11649,86.16,South
11650,67.84,Midwest
11651,26.49,Northeast
11652,10.66,Midwest
11653,59.76,West
11654,10.67,Northeast
11655,37.56,Midwest
11656,53.33,Northeast
11657,73.19,Midwest
11659,63.92,Midwest
11660,85.6,West
11661,20.0,West
11662,92.69,West
11663,49.11,Northeast
11664,83.08,South
11665,19.75,West
11666,67.62,Midwest
11667,32.2,South
11668,36.94,Northeast
11669,57.03,Northeast
11670,11.08,Midwest
11671,96.31,Northeast
11672,83.38,Northeast
11673,53.88,Northeast
11674,84.3,South
11675,72.34,Northeast
11676,62.82,West
11677,51.83,Northeast
11678,51.06,Northeast
11679,97.85,South
11680,42.31,South
11681,42.53,West
11682,95.18,West
11683,45.2,South
11684,72.56,Northeast
11685,87.68,West
11686,90.14,West
11687,65.41,West
11688,65.63,Midwest
11689,37.45,Northeast
11690,34.7,Northeast
11691,87.35,Midwest
11692,23.31,West
11693,55.62,Northeast
11694,26.09,Northeast
11695,72.27,Midwest
11696,67.4,Midwest
11697,96.81,West
11698,26.48,Midwest
11699,55.49,Northeast
11700,55.04,South
11701,41.44,South
11702,14.29,West
11703,96.52,West
11704,44.47,South
11705,26.15,South
11706,93.27,Northeast
11707,61.86,South
11708,70.47,Midwest
11709,20.94,Northeast
11710,33.5,West
11711,20.93,West
11712,33.26,South
11713,64.56,West
11714,85.23,Northeast
11715,91.37,West
11716,38.72,Midwest
11717,33.0,Midwest
11718,10.25,West
11719,32.55,South
11720,87.29,Midwest
11721,63.7,South
11722,68.18,South
11723,14.26,Northeast
11724,56.55,Midwest
11725,96.44,Northeast
11726,66.3,South
11727,98.02,West
11728,98.18,South
11729,95.95,Midwest
11730,80.63,South
11731,91.94,West
11732,65.6,West
11733,36.49,West
11734,91.71,West
11735,78.92,Northeast
11736,94.41,Midwest
11737,78.48,Midwest
11738,31.56,West
11739,19.61,Midwest
11740,54.16,West
11741,29.12,South
11742,18.3,Northeast
11743,28.79,Midwest
11744,14.67,West
11745,72.48,West
11746,59.98,West
11747,47.62,Midwest
11749,35.83,Midwest
11750,11.16,Midwest
11751,22.8,Northeast
11752,87.09,West
11753,24.45,Northeast
11754,39.15,South
11755,25.65,West
11756,70.06,South
11757,34.03,Northeast
11758,36.8,South
11759,40.44,Northeast
11760,36.28,South
11761,20.94,West
11762,73.02,West
11763,87.98,South
11764,16.62,South
11765,24.78,Northeast
11766,51.14,West
11767,41.36,Midwest
11768,30.05,South
11769,38.26,West
11770,65.65,West
11771,25.08,Northeast
11772,89.56,South
11773,12.16,Midwest
11774,92.24,Midwest
11775,67.61,South
11776,85.51,Midwest
11777,87.66,Midwest
11778,77.99,Midwest
11779,59.95,West
11780,55.62,West
11781,97.05,Northeast
11782,72.99,Midwest
11783,31.64,Midwest
11784,89.42,West
11785,42.34,West
11786,11.46,Midwest
11787,40.37,Northeast
11788,29.31,South
11789,78.75,West
11790,82.03,South
11791,84.23,South
11792,46.17,South
11793,91.27,West
11794,15.17,South
11795,80.19,Midwest
11796,33.16,Midwest
11797,60.36,Midwest
11798,20.12,South
11799,13.12,West
11800,79.22,Midwest
11801,31.25,West
11802,95.75,Midwest
11803,94.2,South
11805,19.35,Northeast
11806,11.37,Midwest
11807,27.59,Midwest
11808,73.84,West
11809,48.2,West
11810,10.97,West
11811,25.89,West
11812,66.42,Northeast
11813,94.02,West
11814,59.32,West
11815,77.94,Northeast
11816,40.93,Northeast
11817,38.59,West
11818,41.77,West
11819,76.33,West
11820,26.23,West
11821,70.53,West
11822,70.94,Midwest
11823,29.08,Northeast
11824,61.44,Northeast
11825,33.39,Northeast
11826,79.84,Northeast
11827,22.68,Northeast
11828,61.06,West
11829,41.31,Northeast
11830,85.74,Midwest
11831,15.5,West
11832,55.11,West
11833,92.88,Northeast
11834,47.55,Midwest
11835,88.93,Northeast
11836,46.36,South
11838,40.4,Midwest
11840,96.11,Northeast
11841,40.73,Midwest
11842,24.06,Midwest
11843,87.88,West
11844,62.74,West
11845,24.5,Northeast
11846,85.12,Northeast
11847,46.52,West
11848,54.79,West
11849,85.9,Midwest
11850,93.44,West
11851,43.73,Midwest
11852,17.55,South
11853,98.0,South
11854,39.74,Northeast
11855,20.49,Midwest
11856,88.47,Midwest
11857,95.51,South
11858,69.19,South
11859,24.29,Northeast
11860,50.6,Midwest
11861,51.82,South
11862,32.58,Northeast
11863,89.14,South
11864,31.86,Midwest
11865,68.52,West
11867,49.58,West
11868,53.58,West
11869,55.53,Midwest
11870,58.43,West
11871,26.17,Midwest
11872,71.31,Midwest
11873,86.16,Northeast
11874,61.53,West
11875,54.03,South
11876,17.93,Midwest
11878,72.56,Northeast
11879,58.04,Northeast
11880,66.87,South
11881,59.16,Midwest
11882,74.45,West
11883,54.86,South
11884,96.47,Midwest
11885,16.44,Midwest
11886,93.91,Northeast
11887,38.94,Northeast
11888,70.36,South
11889,39.1,South
11890,29.89,West
11891,59.73,Midwest
11892,93.0,South
11893,81.13,South
11894,24.3,Northeast
11895,35.33,West
11896,38.55,South
11897,27.69,Northeast
11898,26.94,Midwest
11899,75.97,West
11900,66.43,South
11901,13.02,South
11902,43.89,Midwest
11903,60.85,Northeast
11904,10.84,West
11905,76.48,Northeast
11906,97.03,Northeast
11907,93.03,West
11908,71.31,South
11909,86.77,Midwest
11910,95.84,South
11911,89.87,West
11913,92.95,South
11914,20.15,West
11916,68.11,South
11917,44.18,Midwest
11918,49.44,West
11919,27.26,South
11920,13.16,South
11921,69.49,Northeast
11922,71.84,South
11923,35.99,South
11924,61.04,Midwest
11925,70.83,West
11926,99.6,West
11927,66.21,South
11928,20.3,West
11929,12.74,Northeast
11930,33.7,West
11931,80.7,Northeast
11932,59.96,Midwest
11933,95.47,West
11934,15.91,Northeast
11935,21.51,Midwest
11936,49.94,Midwest
11937,82.74,Northeast
11938,99.13,South
11939,34.67,Midwest
11940,68.46,Midwest
11941,59.69,South
11942,17.83,South
11943,71.48,Northeast
11944,15.85,West
11945,86.26,Northeast
11946,30.63,South
11947,57.17,Midwest
11948,54.62,Midwest
11949,84.92,Northeast
11950,14.24,West
11951,23.78,South
11952,66.89,South
11953,51.29,Northeast
11954,69.12,West
11955,15.78,Northeast
11956,37.1,West
11957,75.21,Midwest
11958,75.95,South
11959,51.7,Northeast
11960,64.07,Northeast
11961,84.13,Northeast
11962,59.95,Northeast
11963,79.87,South
11964,26.65,South
11965,38.83,West
11966,24.2,West
11967,40.95,Northeast
11968,87.77,West
11969,38.41,West
11970,92.59,South
11971,76.69,South
11972,19.54,South
11974,59.96,West
11975,22.66,Midwest
11976,18.67,Midwest
11977,21.51,Northeast
11978,87.13,Northeast
11979,52.22,Northeast
11980,35.7,Midwest
11982,51.65,Northeast
11983,82.27,West
11984,94.26,Northeast
11985,56.9,West
11986,52.1,West
11987,91.4,Northeast
11988,58.99,West
11989,28.32,West
11990,91.69,South
11991,13.44,Northeast
11992,97.49,South
11993,85.14,West
11994,26.81,Northeast
11995,54.13,South
11996,87.23,West
11997,95.27,South
11998,31.75,West
11999,81.76,South
12001,77.14,South
12002,91.28,West
12003,74.59,South
12004,19.81,South
12005,48.13,South
12006,53.9,West
12007,14.92,Northeast
12008,61.89,Midwest
12009,86.86,Midwest
12010,88.79,West
12011,99.0,West
12012,84.93,Northeast
12013,96.92,West
12014,71.87,West
12015,16.54,Midwest
12016,10.26,West
12017,83.29,Northeast
12018,73.36,Midwest
12019,85.56,Northeast
12021,93.72,Northeast
12022,76.38,Midwest
12023,24.76,West
12024,53.97,West
12025,94.95,South
12026,63.78,Northeast
12027,62.8,West
12028,72.47,West
12029,37.84,Northeast
12030,41.13,Midwest
12031,16.65,Midwest
12032,34.99,South
12033,23.17,Midwest
12034,33.28,Midwest
12035,92.47,Midwest
12036,47.04,Midwest
12037,52.85,West
12038,25.7,West
12039,72.46,Northeast
12040,56.93,Midwest
12041,57.6,West
12043,28.19,Midwest
12044,37.04,Northeast
12045,25.04,South
12046,19.52,West
12047,84.76,Midwest
12048,82.75,Northeast
12049,58.11,Northeast
12050,73.99,West
12051,27.03,West
12052,98.42,West
12053,94.11,Northeast
12054,87.87,West
12055,22.53,South
12056,82.59,Midwest
12057,19.72,West
12058,41.34,South
12059,31.63,Midwest
12060,17.77,Midwest
12061,14.83,Midwest
12062,19.16,West
12063,94.36,Northeast
12064,91.66,Northeast
12065,32.97,West
12066,60.51,South
12067,97.3,West
12068,55.21,Midwest
12069,70.85,West
12070,99.69,Northeast
12071,90.66,South
12072,90.22,South
12073,51.05,Northeast
12074,66.59,West
12075,99.38,Northeast
12076,93.16,Northeast
12077,16.77,Northeast
12078,81.77,Midwest
12079,20.67,Midwest
12080,32.72,South
12081,80.11,Midwest
12082,97.95,Northeast
12083,65.45,Midwest
12084,28.14,West
12085,74.47,Midwest
12086,96.39,South
12087,60.18,Midwest
12088,82.96,Northeast
12089,91.62,South
12090,14.43,Midwest
12091,23.33,South
12092,14.13,Northeast
12093,18.48,Midwest
12094,30.13,South
12095,14.62,Midwest
12096,11.99,Northeast
12097,33.36,South
12098,41.83,Northeast
12099,95.36,South
12100,59.87,South
12101,25.92,Northeast
12102,75.28,West
12103,24.96,Midwest
12104,97.53,South
12105,68.86,Northeast
12106,73.25,South
12107,76.59,South
12108,59.3,Midwest
12109,51.83,Midwest
12110,31.46,West
12111,18.72,Midwest
12112,28.86,Northeast
12113,27.82,Midwest
12114,55.94,Midwest
12115,63.99,Northeast
12116,21.88,Northeast
12117,61.58,Northeast
12118,48.72,Midwest
12119,59.74,Midwest
12120,54.89,South
12121,13.53,Northeast
12122,66.81,Midwest
12123,97.03,Midwest
12124,66.81,Northeast
12125,65.43,Midwest
12126,72.33,South
12127,91.72,Midwest
12128,16.33,Northeast
12130,14.11,Midwest
12131,82.01,South
12132,79.19,South
12133,61.75,South
12134,90.68,Midwest
12135,23.14,Midwest
12136,45.89,Midwest
12137,51.87,West
12139,70.76,West
12140,25.03,Northeast
12141,99.41,South
12142,69.73,Midwest
12143,39.16,South
12144,31.93,South
12145,80.7,West
12146,85.46,South
12147,54.67,West
12149,34.76,West
12150,64.86,Midwest
12151,26.31,South
12152,51.51,South
12153,57.84,South
12154,91.04,Northeast
12156,19.53,Northeast
12157,79.06,West
12158,49.39,Northeast
12159,20.56,Northeast
12160,57.83,West
12161,25.52,Northeast
12162,60.51,Northeast
12163,93.12,South
12165,38.9,Northeast
12166,41.01,South
12167,40.77,South
12168,99.47,South
12169,53.99,Midwest
12170,50.89,South
12171,68.21,West
12172,20.93,Midwest
12173,29.84,Northeast
12174,99.29,Midwest
12175,95.38,South
12176,27.5,Midwest
12177,82.65,Midwest
12178,88.43,South
12179,68.49,South
12180,58.07,Midwest
12181,26.19,Northeast
12182,48.43,Northeast
12183,37.67,Midwest
12184,66.04,South
12185,99.17,Northeast
12186,22.74,Midwest
12187,96.44,Northeast
12188,50.2,South
12189,76.38,West
12190,75.87,Midwest
12191,50.29,Midwest
12192,87.09,Midwest
12193,57.94,South
12194,16.24,Northeast
12195,15.99,Midwest
12197,35.21,Northeast
12198,88.89,West
12199,75.43,Northeast
12200,98.29,Northeast
12201,16.12,West
12202,77.84,Northeast
12203,58.3,South
12204,19.03,Midwest
12205,57.83,Northeast
12206,60.98,South
12207,96.79,Midwest
12209,46.0,West
12210,73.01,Northeast
12211,13.9,West
12212,47.27,Northeast
12213,95.88,Northeast
12214,89.88,West
12215,28.13,Northeast
12216,33.28,Northeast
12217,23.36,Northeast
12218,18.34,West
12219,20.14,Northeast
12221,44.66,Midwest
12222,73.23,Northeast
12223,37.56,Northeast
12224,67.84,Midwest
12226,21.39,Midwest
12227,37.98,South
12228,97.91,West
12229,31.78,Northeast
12230,17.84,Northeast
12231,34.0,Northeast
12232,18.76,West
12233,20.14,West
12234,95.76,West
12235,81.31,South
12236,33.01,West
12237,32.39,Midwest
12238,86.26,South
12239,11.69,Midwest
12240,29.12,West
12241,91.41,Midwest
12242,36.4,Midwest
12243,49.08,Northeast
12244,10.76,Northeast
12245,30.47,South
12246,79.82,West
12247,21.35,Northeast
12248,84.61,Midwest
12249,49.04,Midwest
12250,22.04,West
12251,69.76,Northeast
12252,54.51,West
12253,47.22,South
12254,95.87,South
12255,99.47,South
12256,88.96,Midwest
12257,42.55,Northeast
12258,60.01,Northeast
12259,63.4,South
12260,70.66,Northeast
12261,75.57,West
12262,99.64,South
12263,61.31,South
12264,68.32,Midwest
12265,16.85,West
12266,81.85,Midwest
12267,54.27,Midwest
12268,33.03,West
12269,97.42,South
12270,38.93,West
12271,46.99,West
12272,12.18,West
12273,40.53,Northeast
12274,67.98,Midwest
12275,43.56,Midwest
12276,42.51,West
12277,97.9,South
12278,50.93,South
12279,70.73,West
12280,95.5,Midwest
12281,99.85,Midwest
12282,85.3,South
12283,98.7,Northeast
12284,69.38,Midwest
12285,65.08,West
12286,95.9,Midwest
12287,23.06,Midwest
12288,40.82,Northeast
12289,16.4,West
12290,59.16,West
12291,74.77,Northeast
12292,48.77,South
12293,90.81,Midwest
12294,66.13,Midwest
12295,50.66,Northeast
12296,42.02,Northeast
12297,91.29,Midwest
12300,76.61,West
12301,81.75,South
12302,33.22,West
12303,79.55,South
12304,22.85,South
12305,93.59,Northeast
12306,50.85,West
12307,38.01,West
12308,63.7,Midwest
12309,45.97,West
12310,99.2,West
12311,67.63,Northeast
12312,54.79,West
12313,27.46,South
12314,32.95,South
12315,66.31,Northeast
12316,37.14,Northeast
12317,57.0,South
12318,87.5,Midwest
12319,74.38,Northeast
12320,46.1,Northeast
12321,88.16,Midwest
12322,33.26,South
12323,16.32,West
12324,82.4,South
12325,86.82,South
12326,93.36,South
12327,13.08,West
12328,49.82,Midwest
12329,21.01,South
12330,18.08,South
12331,79.04,West
12332,32.85,South
12333,67.66,South
12334,87.07,South
12335,77.03,Midwest
12336,79.55,South
12337,69.91,West
12338,65.47,South
12339,70.34,Midwest
12340,80.14,West
12341,98.1,West
12342,35.84,Northeast
12343,65.06,Northeast
12344,86.57,West
12345,87.72,Midwest
12346,63.06,West
12347,39.03,Midwest
12348,65.39,Midwest
12349,81.45,West
12350,48.81,South
12351,12.15,South
12352,36.0,South
12353,83.04,Northeast
12354,52.58,Midwest
12355,88.9,Midwest
12356,61.92,South
12357,25.18,West
12358,34.04,South
12359,21.87,Midwest
12360,84.98,Northeast
12361,90.53,Midwest
12362,99.87,Midwest
12363,28.85,South
12365,53.42,South
12366,71.73,South
12367,28.6,West
12368,80.7,South
12369,43.16,Northeast
12370,87.72,West
12371,99.49,West
12372,96.56,West
12373,41.6,Midwest
12374,27.52,Northeast
12375,44.46,South
12376,56.08,Northeast
12377,67.2,Midwest
12378,82.57,West
12379,22.1,West
12380,17.36,South
12381,17.83,Northeast
12382,62.46,South
12383,50.65,Northeast
12384,60.47,West
12385,87.51,South
12386,18.48,West
12387,61.27,West
12388,20.77,Northeast
12389,89.89,Northeast
12390,65.28,Midwest
12391,91.64,Midwest
12392,64.28,West
12393,14.26,South
12394,63.17,South
12395,88.17,Midwest
12396,26.64,Midwest
12397,20.22,Midwest
12398,58.03,South
12399,43.42,South
12400,97.63,South
12401,16.41,Northeast
12402,50.3,Midwest
12403,72.67,South
12404,90.5,Northeast
12405,15.95,Northeast
12406,12.46,Northeast
12407,42.86,Northeast
12408,82.06,Northeast
12409,59.07,Northeast
12410,84.07,West
12411,69.68,West
12412,75.16,Midwest
12413,32.97,South
12414,87.09,South
12415,57.35,Midwest
12416,79.4,West
12417,93.69,Midwest
12418,97.82,Midwest
12419,96.46,South
12420,70.12,Northeast
12421,11.41,Northeast
12422,72.11,West
12423,52.33,Northeast
12424,80.54,West
12425,76.26,Northeast
12426,15.24,Midwest
12427,46.33,South
12428,81.51,Northeast
12429,14.66,Northeast
12430,94.42,South
12431,46.62,Midwest
12432,31.88,West
12433,44.37,Northeast
12434,43.29,South
12436,35.42,South
12437,94.43,Midwest
12438,76.01,Northeast
12439,26.7,Midwest
12440,43.67,Northeast
12441,79.9,Northeast
12442,55.67,Midwest
12443,18.43,Northeast
12444,85.3,Midwest
12445,40.73,South
12446,79.98,Midwest
12447,86.0,South
12448,47.87,South
12449,37.03,Northeast
12450,68.07,Northeast
12451,37.2,South
12452,23.75,South
12453,50.98,West
12454,42.2,Northeast
12455,61.51,South
12456,53.7,Northeast
12457,89.1,South
12458,18.86,Northeast
12459,31.39,Northeast
12460,23.32,Midwest
12461,36.88,West
12462,52.01,Northeast
12463,52.7,West
12464,35.33,West
12465,11.56,Northeast
12466,23.3,West
12467,46.28,Midwest
12468,30.82,South
12469,11.73,Northeast
12470,90.41,West
12471,24.43,Midwest
12472,74.2,Northeast
12473,84.71,West
12474,60.84,South
12475,10.07,South
12476,22.58,West
12477,18.73,Northeast
12478,30.49,Northeast
12479,77.63,Northeast
12480,30.23,Northeast
12481,97.37,West
12482,94.6,Northeast
12483,82.89,Northeast
12484,60.66,Midwest
12485,98.64,West
12486,86.39,Midwest
12488,58.95,South
12489,34.95,Midwest
12490,95.06,South
12491,15.6,West
12492,37.48,West
12494,21.83,Midwest
12495,98.0,Northeast
12496,23.28,Midwest
12497,80.76,Midwest
12498,33.83,West
12500,39.76,South
12501,87.74,South
12502,46.11,West
12503,25.01,Northeast
12504,11.95,West
12505,94.36,Midwest
12506,86.86,West
12507,18.15,South
12508,49.52,West
12509,78.52,South
12510,59.06,South
12511,47.48,West
12512,69.61,West
12513,76.53,West
12514,52.35,West
12515,53.07,West
12516,26.91,West
12517,37.7,South
12518,10.52,Northeast
12519,66.97,South
12520,75.94,South
12521,73.15,South
12522,58.4,Midwest
12523,80.22,South
12524,32.32,Northeast
12525,98.21,Midwest
12526,45.87,South
12527,14.96,West
12528,95.2,Midwest
12529,31.36,West
12530,44.35,South
12531,98.5,Northeast
12532,37.02,West
12533,66.27,Midwest
12534,89.52,South
12535,88.47,Northeast
12536,60.19,Northeast
12537,56.09,South
12538,47.38,Northeast
12539,76.47,Northeast
12540,84.68,West
12541,27.57,Midwest
12542,27.88,West
12543,33.82,Northeast
12544,19.01,West
12545,41.29,West
12546,30.7,Northeast
12547,40.33,Midwest
12548,95.55,Northeast
12549,79.07,South
12550,75.08,Northeast
12551,75.3,South
12552,96.3,South
12555,98.52,Northeast
12556,84.9,Northeast
12557,19.83,Midwest
12558,78.32,Northeast
12559,81.96,West
12560,53.93,West
12561,61.61,Northeast
12562,49.17,Northeast
12563,67.85,West
12564,96.03,South
12565,63.01,West
12566,15.11,South
12567,75.97,Northeast
12568,20.33,South
12569,15.21,West
12570,24.41,South
12571,64.18,Northeast
12572,57.99,Northeast
12573,38.56,Midwest
12574,16.53,Northeast
12575,83.2,Northeast
12576,59.64,Midwest
12577,97.45,Midwest
12578,15.14,West
12579,17.56,Midwest
12580,21.26,West
12581,84.77,Midwest
12582,58.03,South
12583,20.71,Northeast
12584,13.19,West
12585,81.82,Northeast
12586,88.49,Midwest
12587,31.15,West
12588,93.63,Midwest
12590,44.61,Midwest
12591,71.86,West
12592,92.44,South
12593,44.1,South
12594,86.9,Northeast
12595,90.45,Midwest
12596,86.71,Midwest
12597,34.33,South
12598,56.37,Midwest
12599,33.08,Midwest
12600,75.75,South
12601,26.48,Northeast
12602,96.33,Midwest
12603,11.9,Northeast
12604,43.41,Northeast
12605,58.43,West
12606,12.38,South
12607,20.16,Northeast
12608,39.44,Northeast
12609,67.05,West
12610,50.47,Midwest
12611,71.98,Northeast
12613,24.28,Midwest
12614,32.16,Northeast
12615,56.28,Midwest
12616,14.7,South
12617,14.37,Northeast
12618,55.18,South
12619,99.06,Northeast
12620,79.96,West
12621,23.38,West
12622,24.49,Northeast
12623,98.25,West
12624,64.98,South
12625,55.2,Midwest
12626,53.77,Midwest
12627,83.62,South
12628,28.74,Northeast
12629,35.79,South
12630,91.44,South
12631,89.18,West
12632,58.89,Northeast
12633,44.69,Midwest
12634,32.23,West
12635,30.69,Midwest
12636,51.23,South
12638,55.09,Midwest
12639,91.78,Northeast
12640,80.65,Midwest
12641,42.06,Midwest
12642,81.81,Northeast
12643,20.12,Midwest
12644,44.28,Northeast
12645,60.14,South
12646,36.34,West
12647,85.56,South
12648,49.82,West
12649,16.65,West
12650,13.28,Midwest
12651,69.78,Northeast
12653,50.44,Midwest
12654,77.86,Midwest
12655,88.14,Midwest
12656,24.84,Midwest
12657,96.99,Northeast
12658,81.25,South
12659,51.55,South
12660,53.43,Midwest
12661,81.96,South
12662,84.94,Midwest
12663,33.02,West
12664,76.87,Northeast
12665,36.98,Midwest
12666,41.37,Midwest
12667,69.9,Northeast
12668,70.99,Midwest
12669,46.57,Northeast
12670,63.32,South
12671,26.84,Midwest
12672,26.18,Northeast
12673,25.03,South
12675,69.09,South
12676,12.82,Midwest
12677,75.4,West
12678,86.03,West
12679,79.19,Northeast
12681,57.15,South
12682,72.67,South
12683,78.53,West
12684,92.07,West
12685,70.94,West
12686,37.37,West
12687,37.83,Midwest
12688,16.65,Midwest
12689,21.74,West
12690,45.11,West
12691,86.14,West
12692,67.49,Northeast
12693,51.03,Northeast
12694,96.57,West
12695,44.42,South
12696,23.46,South
12697,53.66,Midwest
12698,69.05,West
12699,59.15,West
12700,53.63,Midwest
12701,57.56,West
12703,71.0,West
12704,69.22,Midwest
12705,73.54,Midwest
12706,73.13,Northeast
12707,66.75,Northeast
12708,36.35,Midwest
12709,23.15,South
12710,34.33,Northeast
12712,94.12,Northeast
12713,51.33,Midwest
12714,54.99,South
12715,59.62,Northeast
12716,61.53,South
12718,17.58,West
12720,97.62,West
12721,63.65,Midwest
12722,77.33,South
12723,93.59,Midwest
12724,15.97,South
12725,38.89,Midwest
12726,24.26,South
12727,19.3,South
12728,30.98,Northeast
12729,98.12,West
12730,96.13,South
12731,24.6,South
12732,94.95,South
12733,45.37,West
12734,44.73,Northeast
12735,38.66,Midwest
12736,58.06,West
12737,59.76,Midwest
12738,47.06,West
12739,91.39,Midwest
12740,96.41,West
12741,94.07,Midwest
12742,26.54,South
12743,39.61,South
12744,13.57,Midwest
12745,37.76,West
12746,20.61,Midwest
12747,93.23,Midwest
12748,16.87,Northeast
12749,74.45,Northeast
12750,24.49,West
12751,79.88,Midwest
12752,58.52,Midwest
12753,73.96,South
12754,26.85,Northeast
12755,64.56,West
12756,56.77,Midwest
12757,10.01,West
12758,90.9,Midwest
12759,82.59,South
12760,16.06,Northeast
12761,58.19,West
12762,84.12,Midwest
12763,36.17,Northeast
12764,83.51,West
12765,88.61,South
12766,33.16,Northeast
12767,76.38,South
12768,36.77,Northeast
12769,32.89,West
12770,12.8,West
12771,78.75,Midwest
12772,79.01,West
12773,25.23,Midwest
12774,98.65,West
12775,47.46,West
12776,63.53,South
12777,34.67,West
12778,13.88,South
12779,50.43,Northeast
12780,45.33,West
12781,42.55,West
12782,87.1,Midwest
12783,83.94,West
12784,30.9,South
12785,23.43,Midwest
12786,22.67,Midwest
12787,25.8,Northeast
12788,38.23,West
12789,22.84,South
12790,57.03,Midwest
12791,95.1,Northeast
12792,97.92,South
12793,34.83,West
12794,18.29,South
12795,92.96,South
12796,82.01,South
12797,73.33,South
12798,94.82,Northeast
12800,27.48,Midwest
12801,68.42,Midwest
12802,72.24,Midwest
12803,77.39,Northeast
12804,99.72,West
12805,77.58,Midwest
12806,83.17,South
12807,92.78,South
12808,65.43,Northeast
12809,23.67,Northeast
12810,61.37,South
12811,58.78,Northeast
12812,98.68,Northeast
12813,41.38,South
12814,35.72,Midwest
12815,48.06,Midwest
12816,67.42,South
12817,94.52,Midwest
12818,89.43,West
12819,24.22,West
12820,78.04,Northeast
12821,78.33,Northeast
12822,29.26,Midwest
12823,60.55,Northeast
12824,72.91,South
12825,46.46,South
12826,47.53,Northeast
12827,51.7,Midwest
12828,95.66,Northeast
12829,73.46,Northeast
12830,39.33,South
12831,43.91,Northeast
12832,64.84,Northeast
12833,97.11,Northeast
12834,38.23,South
12835,68.33,South
12836,50.3,Midwest
12837,86.98,West
12838,97.8,Northeast
12839,21.73,Northeast
12840,25.73,Midwest
12841,14.32,Midwest
12842,32.25,South
12843,66.71,Midwest
12844,11.36,West
12845,59.04,South
12846,72.39,Northeast
12847,30.42,West
12848,51.21,South
12850,37.46,Northeast
12851,57.65,Midwest
12852,22.68,South
12853,31.97,South
12854,61.85,Northeast
12855,84.93,South
12856,19.77,Midwest
12857,49.06,Midwest
12858,50.91,West
12859,56.68,Midwest
12860,42.4,West
12861,22.71,Midwest
12862,49.99,West
12863,63.07,West
12864,17.21,South
12865,74.41,West
12866,94.77,Northeast
12867,63.28,South
12868,54.41,Northeast
12869,63.07,Northeast
12870,20.2,West
12871,64.96,West
12872,85.8,Midwest
12873,16.49,Northeast
12874,19.73,Northeast
12875,39.09,Northeast
12876,96.48,South
12877,61.45,Northeast
12878,27.39,Midwest
12879,99.21,Midwest
12880,49.75,West
12881,47.32,South
12882,54.16,South
12883,97.0,Midwest
12884,40.46,West
12885,21.41,Northeast
12886,32.85,Northeast
12887,24.31,Northeast
12888,90.12,Midwest
12889,22.04,South
12890,86.55,Midwest
12891,42.69,Midwest
12892,65.16,South
12893,19.71,South
12894,89.47,Northeast
12895,56.28,West
12896,31.56,West
12897,19.54,South
12898,79.16,Northeast
12899,93.62,Northeast
12900,93.43,West
12901,15.5,Northeast
12902,65.46,Northeast
12903,29.95,Northeast
12904,70.04,South
12905,34.9,Midwest
12906,74.0,Midwest
12907,90.84,Midwest
12908,97.33,Northeast
12909,34.64,South
12910,91.18,Northeast
12911,15.35,West
12912,59.91,West
12913,83.15,Northeast
12914,24.71,Northeast
12915,31.57,West
12916,24.32,South
12917,76.33,West
12918,87.88,Midwest
12919,27.52,South
12920,72.77,Northeast
12921,84.04,Midwest
12922,72.22,Northeast
12923,53.26,West
12924,21.11,South
12925,47.24,South
12926,98.21,South
12927,45.76,West
12928,45.04,South
12929,65.78,West
12930,33.63,Northeast
12931,99.64,West
12932,48.87,Midwest
12933,76.17,Midwest
12935,24.37,South
12936,27.85,Midwest
12937,46.3,Northeast
12938,25.77,Midwest
12939,74.52,West
12940,99.28,West
12941,24.3,South
12942,59.13,Northeast
12943,91.84,West
12944,39.08,South
12945,79.33,West
12947,13.17,Midwest
12948,13.7,South
12949,70.32,South
12950,15.82,South
12951,89.53,Midwest
12952,98.97,Northeast
12953,88.49,West
12955,35.14,South
12956,61.79,South
12957,17.77,South
12958,22.0,South
12959,55.71,Northeast
12960,47.98,Northeast
12961,15.32,Northeast
12962,54.05,West
12963,87.84,Northeast
12964,29.52,Midwest
12965,69.12,West
12966,86.31,West
12968,80.11,West
12969,25.74,Midwest
12970,23.31,West
12971,23.37,Northeast
12972,73.71,Northeast
12973,28.02,Midwest
12974,29.78,West
12975,58.23,West
12976,38.54,South
12977,27.33,Northeast
12978,89.71,Northeast
12979,28.38,Northeast
12980,72.68,Midwest
12981,68.06,Northeast
12982,17.69,South
12983,29.67,Midwest
12984,57.81,South
12985,14.5,Midwest
12986,93.46,West
12987,99.16,Midwest
12988,74.09,Northeast
12989,42.11,Northeast
12990,84.94,South
12991,12.85,Midwest
12992,10.12,West
12993,96.82,Midwest
12994,67.59,Northeast
12995,64.52,West
12996,71.6,Midwest
12997,79.21,South
12998,98.89,Northeast
12999,91.88,Northeast
13000,49.31,Northeast
13001,53.89,Midwest
13002,27.45,Midwest
13003,97.81,West
13004,79.17,West
13005,16.56,Midwest
13006,35.4,South
13007,61.28,Northeast
13008,53.83,West
13009,38.19,South
13010,76.68,West
13011,44.29,South
13012,27.3,South
13013,85.24,Midwest
13014,94.43,Northeast
13015,77.83,Midwest
13016,14.54,South
13017,43.95,Northeast
13018,20.08,Midwest
13019,24.92,South
13020,78.23,South
13021,93.3,South
13022,70.1,West
13023,72.21,Midwest
13024,82.89,Northeast
13025,83.14,Midwest
13026,50.69,Midwest
13027,66.27,Midwest
13028,68.57,West
13029,63.23,Northeast
13030,47.04,Midwest
13031,66.67,Midwest
13032,81.32,Northeast
13033,68.0,Northeast
13034,23.33,South
13035,41.87,Midwest
13036,89.37,West
13037,80.77,Northeast
13038,38.39,West
13039,23.58,West
13040,86.3,South
13041,55.55,Midwest
13043,85.53,South
13044,10.75,West
13045,70.74,Northeast
13046,53.61,West
13047,82.71,Northeast
13048,94.12,Northeast
13049,16.17,West
13050,53.28,Midwest
13051,40.15,Northeast
13052,36.72,West
13053,76.92,Northeast
13054,85.92,Northeast
13055,72.36,Northeast
13056,58.12,South
13057,15.91,Northeast
13058,56.96,South
13059,29.01,South
13060,16.42,South
13061,59.21,Midwest
13062,91.22,West
13063,11.13,Northeast
13064,22.72,Northeast
13065,82.19,West
13066,53.53,West
13067,49.58,Northeast
13068,68.2,Midwest
13069,97.77,Northeast
13070,88.63,South
13071,95.98,Midwest
13072,53.05,South
13074,53.51,South
13075,71.21,Northeast
13076,64.28,West
13077,93.93,West
13078,36.51,South
13079,43.27,South
13080,58.25,South
13081,94.39,South
13082,88.97,West
13083,24.18,Midwest
13084,39.24,Northeast
13085,23.15,Midwest
13087,48.66,South
13088,44.45,West
13089,74.67,South
13090,84.22,Northeast
13091,70.12,Northeast
13092,57.9,West
13093,66.43,South
13094,59.19,Northeast
13095,78.57,Midwest
13096,88.39,Northeast
13097,11.38,Northeast
13098,31.43,Midwest
13099,72.95,South
13100,27.18,West
13101,14.75,Midwest
13102,79.69,South
13103,54.85,South
13104,90.23,Midwest
13105,70.83,Northeast
13106,27.3,West
13107,87.04,Northeast
13108,86.11,West
13109,33.32,West
13110,51.56,Midwest
13111,74.81,South
13112,23.04,Northeast
13113,67.18,Northeast
13114,67.59,Midwest
13115,13.63,West
13116,19.6,West
13117,26.89,Midwest
13118,76.26,Northeast
13119,78.26,Midwest
13120,35.69,Northeast
13121,28.13,South
13122,90.45,Northeast
13123,82.81,South
13124,42.26,Northeast
13125,51.32,Northeast
13126,43.04,Midwest
13127,43.46,Midwest
13128,36.02,Northeast
13129,60.52,South
13130,62.55,Northeast
13131,90.45,Midwest
13134,67.22,Midwest
13135,41.77,Northeast
13136,15.22,West
13137,47.44,West
13138,85.07,West
13139,19.63,West
13141,28.53,Northeast
13142,67.0,Northeast
13143,72.91,Northeast
13144,77.21,South
13145,94.38,Northeast
13146,31.12,Northeast
13147,28.93,Northeast
13148,10.67,West
13149,87.22,West
13150,98.12,West
13151,11.58,Midwest
13152,37.89,West
13153,43.6,South
13154,85.01,Midwest
13155,78.45,West
13156,92.94,Midwest
13157,42.83,Northeast
13158,85.77,Northeast
13159,81.41,Midwest
13160,35.41,West
13161,32.11,South
13162,74.69,Midwest
13163,94.5,West
13164,29.02,Midwest
13165,88.74,Northeast
13166,27.49,South
13167,39.14,West
13168,33.01,Midwest
13169,80.37,Northeast
13170,20.02,South
13171,14.97,South
13172,71.87,South
13173,60.29,Northeast
13174,32.81,West
13176,82.31,Midwest
13177,63.4,South
13178,41.79,South
13179,68.48,Northeast
13180,62.58,West
13181,91.41,Northeast
13182,37.61,West
13183,40.33,South
13184,67.16,Midwest
13185,88.76,West
13186,43.67,West
13188,81.28,South
13189,32.36,Midwest
13190,23.93,West
13191,36.5,Northeast
13192,58.62,South
13193,53.89,West
13194,12.05,South
13195,10.35,South
13196,84.25,West
13197,29.59,Midwest
13198,16.67,Midwest
13199,20.47,Northeast
13200,86.27,Midwest
13201,36.69,Northeast
13202,86.1,South
13203,76.57,West
13204,71.47,Midwest
13205,94.46,Northeast
13206,38.47,West
13207,86.92,South
13208,46.99,Midwest
13209,12.94,Midwest
13210,90.64,West
13211,21.2,Midwest
13212,82.47,Northeast
13213,79.66,South
13214,30.26,West
13215,13.98,Northeast
13216,88.44,Northeast
13217,13.93,Midwest
13218,66.32,Midwest
13219,10.26,West
13220,18.57,Midwest
13221,12.26,Midwest
13222,95.67,Midwest
13223,79.07,South
13224,92.45,South
13225,97.7,South
13226,28.19,West
13227,62.62,West
13228,48.31,South
13229,17.43,Midwest
13230,13.72,South
13231,88.55,West
13232,37.04,South
13233,11.41,South
13234,54.73,West
13235,30.56,South
13236,60.85,Northeast
13237,49.75,Midwest
13238,78.94,West
13239,69.51,Midwest
13240,38.99,Midwest
13241,98.36,West
13242,29.73,South
13243,94.78,Midwest
13244,40.16,West
13245,23.32,Midwest
13246,93.72,West
13247,31.01,South
13248,98.89,Northeast
13249,63.32,Northeast
13250,40.24,Midwest
13251,74.39,Midwest
13252,79.94,Midwest
13253,88.96,West
13254,86.7,South
13255,65.16,Northeast
13256,93.12,West
13257,73.14,South
13258,93.91,West
13259,62.73,West
13260,71.49,South
13261,48.99,South
13262,91.74,Northeast
13263,49.2,South
13264,12.85,West
13265,11.58,South
13266,32.22,West
13267,18.8,Northeast
13269,36.34,Midwest
13270,65.22,West
13271,48.04,South
13272,13.4,West
13273,20.07,West
13275,91.7,Northeast
13276,70.79,South
13277,75.73,Northeast
13278,95.56,West
13279,10.12,Northeast
13280,70.48,Midwest
13281,26.83,South
13282,13.68,South
13283,36.61,South
13284,43.63,West
13285,21.46,Northeast
13286,89.1,Northeast
13287,39.01,Northeast
13288,78.79,West
13289,80.86,Midwest
13290,58.23,Northeast
13291,12.54,South
13292,15.61,West
13293,83.26,South
13294,89.84,Midwest
13295,86.7,Midwest
13296,85.35,Midwest
13297,81.13,West
13298,18.03,South
13299,65.55,Midwest
13300,62.57,West
13301,76.87,South
13302,66.74,Northeast
13303,92.43,Northeast
13304,30.44,Northeast
13305,30.19,Northeast
13306,46.95,Northeast
13307,46.13,West
13308,56.74,West
13309,12.92,Midwest
13310,84.33,West
13311,91.58,South
13312,16.1,South
13313,78.79,West
13314,43.18,South
13315,31.79,Northeast
13316,96.69,Midwest
13317,36.08,West
13318,12.7,South
13319,15.51,West
13320,45.09,West
13321,33.47,Northeast
13322,95.69,South
13323,79.48,Northeast
13324,35.57,West
13325,95.31,South
13326,34.52,Northeast
13327,35.27,Midwest
13328,63.0,South
13329,15.72,South
13330,15.14,Northeast
13331,92.17,West
13332,76.83,Midwest
13333,80.28,Midwest
13334,69.28,Midwest
13335,25.89,South
13336,88.49,South
13337,70.02,Midwest
13338,90.92,West
13339,40.98,West
13340,66.93,South
13341,19.64,Midwest
13342,14.19,Midwest
13343,19.9,South
13344,53.44,West
13345,29.7,Midwest
13346,88.92,South
13347,87.2,Midwest
13348,84.19,Northeast
13349,88.08,South
13350,73.86,Northeast
13351,60.95,West
13352,38.17,Midwest
13353,94.14,West
13354,99.86,South
13355,30.3,West
13356,95.45,Midwest
13357,16.73,Northeast
13358,52.86,Midwest
13359,39.85,West
13360,62.77,Midwest
13361,52.54,South
13362,48.38,West
13364,36.88,West
13365,48.05,West
13366,64.46,South
13367,89.6,South
13368,19.88,West
13369,46.67,South
13370,72.36,Midwest
13371,48.9,Northeast
13372,95.73,Midwest
13373,48.63,Midwest
13374,96.72,Midwest
13375,81.3,Midwest
13376,60.09,West
13377,43.93,Midwest
13378,41.83,Northeast
13379,17.73,South
13380,90.74,South
13381,81.88,Northeast
13382,19.51,West
13383,95.75,Northeast
13384,17.86,West
13385,37.48,Northeast
13386,99.51,Midwest
13387,79.52,South
13388,65.9,West
13389,18.95,Midwest
13390,49.24,West
13391,24.55,South
13392,12.51,Northeast
13393,13.67,South
13394,67.19,Midwest
13395,48.97,South
13396,74.87,Northeast
13397,60.87,Midwest
13398,47.82,South
13399,19.59,Midwest
13400,57.18,West
13401,77.21,Midwest
13402,54.16,Midwest
13403,26.61,Midwest
13404,79.35,Northeast
13405,98.0,Midwest
13406,19.91,Northeast
13407,37.65,Midwest
13408,29.85,Midwest
13409,83.64,South
13410,21.37,West
13411,24.49,West
13412,64.59,South
13413,56.92,West
13415,51.23,Northeast
13416,71.05,South
13417,15.26,West
13418,32.44,South
13419,33.53,West
13420,84.06,Northeast
13421,98.06,Midwest
13422,39.31,Northeast
13423,99.63,South
13424,96.37,South
13425,33.56,South
13426,15.39,Northeast
13427,66.34,South
13428,10.07,Midwest
13429,57.51,West
13430,66.53,West
13431,52.71,Midwest
13432,56.66,Northeast
13433,97.48,Midwest
13434,51.83,West
13435,99.53,Northeast
13436,42.38,South
13437,30.48,South
13438,30.08,West
13439,24.04,Northeast
13440,20.27,Midwest
13441,78.78,Midwest
13442,68.47,South
13443,92.34,Midwest
13444,90.86,West
13445,48.96,West
13446,28.01,South
13447,43.97,South
13448,30.69,West
13449,70.35,Midwest
13450,58.39,South
13451,75.18,Northeast
13452,24.2,Midwest
13453,79.4,West
13454,33.46,Midwest
13455,40.72,Northeast
13456,37.09,Northeast
13457,93.72,Midwest
13458,17.73,West
13459,53.46,Midwest
13460,48.86,West
13461,63.23,Northeast
13462,46.44,Northeast
13463,64.33,South
13464,82.79,Northeast
13465,32.23,Midwest
13466,76.2,South
13467,65.46,South
13468,86.08,Northeast
13469,41.62,Midwest
13470,63.71,South
13471,97.01,West
13472,80.9,Northeast
13473,82.47,Midwest
13474,24.14,Midwest
13475,27.04,Midwest
13476,56.95,Northeast
13477,46.99,West
13478,13.92,South
13479,71.5,Northeast
13480,52.63,Northeast
13481,56.33,West
13482,33.98,South
13483,58.47,West
13484,56.55,Midwest
13485,49.25,Midwest
13486,17.34,South
13487,58.42,West
13488,48.48,Midwest
13489,16.56,South
13491,30.98,Northeast
13492,65.63,Midwest
13493,79.85,Northeast
13494,71.7,West
13495,95.06,South
13496,32.77,Northeast
13497,40.73,West
13498,70.77,South
13499,61.03,South
13500,29.61,Midwest
13501,45.15,South
13502,17.29,South
13503,61.29,Northeast
13504,87.46,South
13505,48.21,Midwest
13506,94.87,Northeast
13507,54.49,Midwest
13508,44.79,West
13509,79.74,Northeast
13510,16.49,Midwest
13512,15.38,West
13513,81.5,Midwest
13514,68.01,South
13515,32.78,Midwest
13516,69.44,West
13517,70.98,Midwest
13518,15.62,Northeast
13519,24.8,Northeast
13520,85.22,South
13523,54.85,Midwest
13524,25.86,South
13525,24.8,West
13526,78.62,Northeast
13527,33.76,Midwest
13528,88.67,South
13529,32.26,Northeast
13530,48.71,Midwest
13531,32.95,West
13532,40.11,West
13533,14.96,South
13534,64.53,Northeast
13535,12.78,Northeast
13536,59.28,West
13537,32.32,West
13538,56.27,Northeast
13539,55.2,West
13540,40.54,Midwest
13541,24.96,West
13542,73.96,South
13543,53.45,West
13544,49.36,Midwest
13545,16.14,West
13546,83.14,Northeast
13547,76.31,South
13548,30.79,South
13549,19.94,Midwest
13551,71.95,Midwest
13552,28.43,South
13553,14.24,South
13554,95.3,West
13555,11.11,South
13556,71.05,Northeast
13557,79.77,Northeast
13558,98.93,West
13559,68.3,Northeast
13560,57.12,West
13561,73.16,West
13562,74.84,Northeast
13563,32.69,Northeast
13564,86.64,South
13565,95.19,Northeast
13566,99.91,Midwest
13567,28.51,West
13568,95.03,Northeast
13569,46.07,West
13570,72.95,South
13571,75.24,Midwest
13572,61.97,South
13573,28.26,Midwest
13574,19.55,Northeast
13576,13.86,Northeast
13577,63.92,Midwest
13578,16.67,Northeast
13579,29.93,West
13580,14.7,West
13581,21.57,South
13582,75.79,Northeast
13584,70.83,Northeast
13585,40.4,Northeast
13586,99.36,Midwest
13587,12.59,Midwest
13588,86.69,Northeast
13589,74.68,South
13590,99.87,South
13592,73.31,Midwest
13593,84.08,Northeast
13594,18.04,Northeast
13595,49.04,South
13596,16.98,South
13597,43.39,South
13598,67.79,Midwest
13599,71.79,Midwest
13600,49.71,West
13601,81.17,West
13602,78.47,Northeast
13603,42.15,South
13604,32.9,West
13605,93.46,West
13606,19.91,Midwest
13607,15.82,South
13608,74.93,South
13609,45.91,West
13610,39.71,Northeast
13611,60.0,Midwest
13612,45.48,Northeast
13614,58.39,Midwest
13615,77.25,West
13616,79.51,Midwest
13617,62.33,South
13618,12.54,Midwest
13619,46.27,West
13620,40.32,Northeast
13621,78.24,South
13622,36.38,Northeast
13623,38.09,Midwest
13624,30.42,South
13625,94.67,South
13626,40.68,West
13627,17.54,South
13628,60.5,South
13629,58.88,South
13630,88.34,South
13631,73.01,South
13632,69.16,West
13633,65.47,Northeast
13634,58.85,West
13635,83.48,Midwest
13636,72.01,West
13637,35.03,Northeast
13638,32.07,South
13639,82.76,South
13640,75.65,Northeast
13641,65.59,Northeast
13642,20.06,Midwest
13643,54.96,South
13644,31.1,West
13645,29.57,Northeast
13646,45.54,Midwest
13647,59.3,Midwest
13648,20.15,Northeast
13649,92.2,West
13650,36.45,Northeast
13651,93.37,Northeast
13652,22.89,Midwest
13653,86.58,South
13654,96.27,West
13655,16.41,South
13656,70.0,West
13657,76.65,South
13658,84.97,Midwest
13659,86.44,West
13660,76.46,West
13661,43.03,Northeast
13662,83.62,West
13663,10.07,South
13664,43.13,Northeast
13665,78.8,Northeast
13666,55.19,South
13667,88.36,Northeast
13668,58.09,Midwest
13669,66.64,West
13670,18.86,Northeast
13671,32.67,Midwest
13672,47.09,South
13673,29.47,Midwest
13674,29.76,South
13675,89.65,West
13677,65.03,Midwest
13678,22.3,South
13679,46.92,South
13680,37.57,Northeast
13681,62.6,West
13682,32.93,Midwest
13683,14.38,South
13685,77.76,South
13686,51.13,Midwest
13687,98.63,South
13688,99.56,South
13689,98.94,Northeast
13690,60.18,West
13691,91.78,Midwest
13692,94.04,Midwest
13693,83.97,Midwest
13694,71.47,South
13695,16.18,Northeast
13696,42.68,Midwest
13697,71.79,South
13698,36.56,Northeast
13699,94.95,South
13701,76.76,Northeast
13702,69.64,West
13703,21.37,South
13704,38.76,West
13705,60.97,South
13706,95.15,Northeast
13707,60.27,Midwest
13708,86.23,South
13709,22.07,Midwest
13710,97.78,Northeast
13711,39.37,Northeast
13712,16.84,South
13713,51.68,West
13714,45.39,Midwest
13715,40.19,West
13716,49.09,Northeast
13717,77.86,Northeast
13718,92.48,Midwest
13719,25.8,Midwest
13720,89.85,West
13721,85.94,Northeast
13722,58.51,Midwest
13723,89.89,South
13724,71.65,South
13725,83.19,South
13726,62.83,West
13727,35.9,Northeast
13728,14.35,South
13729,48.47,South
13730,96.07,West
13731,83.32,South
13732,58.74,Midwest
13733,38.97,West
13734,12.48,West
13735,35.69,West
13736,18.24,Midwest
13737,14.25,West
13738,56.49,Midwest
13739,19.62,Midwest
13740,49.46,South
13741,60.18,South
13742,46.74,West
13743,53.96,South
13744,39.14,South
13745,79.29,Northeast
13746,26.81,Midwest
13747,97.12,West
13748,94.06,West
13749,57.68,Midwest
13750,44.55,South
13751,27.0,Northeast
13752,90.08,Northeast
13755,47.45,South
13756,24.51,Midwest
13757,32.64,Midwest
13758,88.44,West
13759,69.17,Midwest
13760,80.45,South
13761,30.42,Northeast
13762,50.92,Midwest
13763,76.45,Midwest
13764,19.27,South
13765,62.84,South
13766,53.51,South
13767,94.61,Midwest
13768,59.88,South
13769,71.8,West
13770,66.68,West
13771,68.87,Northeast
13772,73.3,West
13773,83.12,Northeast
13775,83.79,West
13776,74.03,Northeast
13777,39.18,Midwest
13778,71.57,South
13779,82.31,South
13780,76.51,Midwest
13781,92.4,Northeast
13782,27.61,South
13783,42.36,West
13784,12.37,Northeast
13785,64.31,Northeast
13786,21.65,West
13787,33.83,West
13788,20.12,West
13789,10.4,Midwest
13790,63.06,Northeast
13791,81.95,West
13792,21.54,Northeast
13793,27.11,West
13794,79.53,West
13795,61.32,West
13796,24.63,West
13797,40.64,West
13798,41.35,West
13799,72.37,Midwest
13800,89.81,South
13801,64.95,West
13802,73.1,Northeast
13804,97.96,West
13805,71.66,Northeast
13806,55.78,Northeast
13807,79.6,South
13808,60.76,South
13809,40.8,Northeast
13810,70.03,West
13811,67.05,West
13812,26.13,Northeast
13813,19.97,Northeast
13814,20.57,West
13815,29.78,Northeast
13816,36.52,Northeast
13817,98.29,South
13818,39.56,West
13819,89.38,Northeast
13820,33.4,West
13821,82.37,West
13822,27.49,Northeast
13823,73.24,South
13824,97.86,Midwest
13825,73.11,South
13826,19.15,West
13827,79.65,Northeast
13828,73.42,Northeast
13829,67.62,West
13830,98.84,West
13831,13.47,Midwest
13832,47.47,Northeast
13833,17.27,Northeast
13834,38.19,Midwest
13835,73.03,West
13836,17.77,Midwest
13837,72.73,Northeast
13838,11.94,Midwest
13839,79.03,West
13840,23.96,South
13841,11.83,West
13842,66.38,West
13843,47.97,Midwest
13844,65.36,Northeast
13845,24.09,West
13846,64.57,Northeast
13847,88.24,Midwest
13848,20.04,Northeast
13849,98.98,Northeast
13850,89.81,West
13851,78.33,South
13852,36.23,South
13853,54.21,West
13854,26.55,Northeast
13855,74.64,Northeast
13856,48.99,Northeast
13857,16.68,Midwest
13858,15.18,Midwest
13859,23.17,Midwest
13860,16.73,Midwest
13861,69.78,Northeast
13862,37.16,Midwest
13863,68.37,Midwest
13864,37.83,West
13866,36.38,West
13867,62.84,Midwest
13868,48.93,Northeast
13869,82.33,Northeast
13870,67.92,West
13871,96.38,West
13872,21.17,South
13873,40.03,South
13874,53.32,Midwest
13875,96.76,South
13877,70.08,Midwest
13878,46.44,Northeast
13879,68.81,Northeast
13880,35.1,Northeast
13881,58.71,Midwest
13882,50.46,West
13883,36.55,Midwest
13884,88.44,South
13885,60.84,Northeast
13886,70.99,South
13887,48.05,South
13888,88.01,Northeast
13889,75.9,South
13890,48.59,West
13891,66.7,West
13892,34.48,Northeast
13893,25.16,South
13894,39.5,West
13895,55.31,West
13896,20.33,South
13897,88.78,Midwest
13898,55.66,West
13899,64.99,Midwest
13900,79.48,West
13901,24.18,Midwest
13902,40.05,Midwest
13903,81.67,West
13904,90.87,West
13905,82.26,Midwest
13906,94.27,Midwest
13907,24.3,West
13908,64.22,West
13909,86.74,South
13910,83.25,South
13911,11.1,Northeast
13912,29.69,Midwest
13913,33.96,West
13914,75.43,Midwest
13915,85.01,West
13916,86.84,South
13917,100.0,South
13918,97.61,Midwest
13919,90.36,West
13920,66.93,Northeast
13922,45.13,Midwest
13923,81.54,West
13924,33.26,South
13925,79.1,South
13926,17.19,West
13927,71.47,West
13929,26.46,Northeast
13930,95.16,Northeast
13931,83.3,Northeast
13932,79.37,South
13933,53.09,West
13934,89.69,Midwest
13935,26.47,Northeast
13936,69.27,South
13937,82.48,Midwest
13938,64.68,Midwest
13939,24.1,South
13940,75.14,Northeast
13941,93.88,Midwest
13942,49.49,Northeast
13943,44.68,Northeast
13944,78.84,Midwest
13945,44.6,Northeast
13947,31.97,South
13948,21.93,South
13949,57.8,West
13950,57.99,Northeast
13951,33.4,Northeast
13952,26.98,Northeast
13953,97.39,Midwest
13954,98.36,Midwest
13955,41.74,Northeast
13956,85.43,Northeast
13957,98.89,Northeast
13958,24.17,South
13959,51.77,West
13960,67.21,Northeast
13962,47.33,Northeast
13963,90.42,South
13964,20.81,Midwest
13965,56.4,South
13966,69.63,South
13967,28.67,Northeast
13968,34.41,Midwest
13969,56.06,South
13970,63.26,West
13972,66.55,Midwest
13973,58.21,West
13974,19.91,Midwest
13975,15.67,West
13976,25.44,South
13977,19.86,Midwest
13978,65.1,West
13980,53.79,West
13981,73.64,Midwest
13982,42.09,West
13983,71.89,South
13984,31.6,Midwest
13985,15.96,Midwest
13986,33.24,West
13987,80.12,Midwest
13988,16.39,West
13989,45.82,West
13990,28.67,South
13991,22.18,Midwest
13992,25.49,West
13993,25.9,Midwest
13994,92.53,South
13995,54.76,Midwest
13996,50.09,Midwest
13997,38.17,South
13998,82.75,South
13999,88.94,South
14000,34.37,West
14001,72.48,West
14002,85.85,Northeast
14003,90.9,Northeast
14004,67.93,West
14005,73.24,West
14006,72.73,West
14007,37.43,Midwest
14008,72.89,Midwest
14009,95.68,West
14010,34.87,South
14011,11.75,South
14012,14.79,West
14013,83.53,West
14014,58.68,South
14015,16.31,Northeast
14016,47.76,South
14017,86.33,South
14018,30.14,Midwest
14019,49.99,West
14020,98.18,South
14021,38.89,West
14022,19.3,Northeast
14023,18.47,Northeast
14024,22.51,Northeast
14025,68.13,Northeast
14026,62.96,Midwest
14027,72.65,West
14028,12.77,Northeast
14029,55.35,Midwest
14031,67.77,Midwest
14032,97.99,Midwest
14033,85.95,South
14034,16.16,Midwest
14035,24.59,South
14036,38.15,Northeast
14037,42.95,Northeast
14038,77.31,South
14039,64.71,West
14040,67.95,Midwest
14041,51.14,Midwest
14042,93.28,South
14043,23.01,Midwest
14044,56.6,South
14045,38.71,Midwest
14046,36.29,West
14047,49.73,South
14048,46.44,South
14049,55.36,South
14050,68.45,Northeast
14051,59.43,South
14052,65.39,West
14053,49.62,Northeast
14054,66.25,Midwest
14055,74.03,West
14056,54.29,Northeast
14057,35.08,West
14058,58.39,Midwest
14059,98.71,Midwest
14060,32.03,Northeast
14061,73.45,South
14062,71.45,South
14063,72.45,Northeast
14065,69.49,South
14066,27.36,Northeast
14067,76.59,Northeast
14068,18.17,Midwest
14069,28.26,West
14070,23.87,Northeast
14071,68.4,Midwest
14072,89.8,West
14073,87.61,Midwest
14074,41.54,South
14075,74.23,Northeast
14076,98.41,Northeast
14077,55.04,Northeast
14078,57.79,West
14079,26.02,South
14080,91.13,Northeast
14081,56.96,Midwest
14083,48.5,Midwest
14084,44.12,South
14085,94.96,West
14086,82.79,Midwest
14087,57.47,Midwest
14088,40.46,West
14090,84.78,South
14091,35.08,Northeast
14092,22.25,Northeast
14093,35.28,South
14094,29.79,South
14095,57.85,South
14096,44.37,Midwest
14097,97.54,West
14098,30.65,Northeast
14099,93.01,Midwest
14100,21.66,Northeast
14101,35.74,West
14102,92.99,West
14103,27.03,West
14104,69.93,West
14105,29.28,Northeast
14106,88.86,Midwest
14107,43.21,Northeast
14108,78.7,South
14109,80.59,South
14110,56.46,Midwest
14111,84.37,Northeast
14112,33.17,West
14113,52.67,Midwest
14114,33.49,South
14115,42.59,South
14116,45.53,Midwest
14117,50.02,West
14118,70.15,West
14119,76.92,West
14120,44.11,Northeast
14121,41.74,South
14122,50.36,Midwest
14123,43.04,Northeast
14124,47.34,South
14125,97.29,West
14126,87.46,Northeast
14127,75.66,South
14128,43.34,Northeast
14130,75.81,Northeast
14131,49.84,West
14132,33.25,Northeast
14134,54.84,South
14135,69.48,South
14136,58.63,South
14137,54.55,Northeast
14138,83.47,South
14139,93.94,Midwest
14140,66.68,Northeast
14141,24.84,Northeast
14142,98.45,Midwest
14143,98.73,Midwest
14144,23.94,Northeast
14145,69.63,Midwest
14146,16.82,South
14147,51.5,Northeast
14148,27.92,Midwest
14149,97.86,South
14150,88.2,South
14151,90.44,Midwest
14152,35.95,Northeast
14153,36.23,Midwest
14154,92.13,Northeast
14155,49.15,South
14156,81.12,South
14157,59.46,Northeast
14158,48.33,South
14159,37.37,Northeast
14160,47.19,South
14161,96.04,West
14162,59.94,West
14163,79.07,West
14164,53.05,Midwest
14165,16.23,South
14166,71.03,Midwest
14167,42.11,South
14168,83.04,Midwest
14169,36.3,Northeast
14170,41.2,Midwest
14171,20.8,West
14172,16.07,South
14173,10.29,Northeast
14174,61.29,Midwest
14175,68.06,South
14176,17.33,Midwest
14177,34.57,South
14178,46.86,Northeast
14179,72.97,West
14180,21.36,South
14181,79.31,West
14182,60.73,Northeast
14183,16.29,South
14184,30.28,Midwest
14185,26.1,South
14186,99.64,Northeast
14187,15.49,West
14188,19.4,West
14189,72.97,West
14190,83.51,West
14191,46.9,Midwest
14192,51.26,West
14193,40.87,West
14194,74.03,West
14195,75.49,South
14196,40.91,Northeast
14197,89.21,West
14198,93.93,Midwest
14199,64.26,Midwest
14200,71.26,Midwest
14201,85.56,South
14202,16.16,South
14203,97.46,Northeast
14204,87.76,South
14205,23.49,Northeast
14206,97.04,Northeast
14207,77.9,South
14208,30.78,South
14209,39.78,Midwest
14210,88.3,Northeast
14211,17.71,Midwest
14212,92.63,Northeast
14213,22.7,West
14214,25.32,West
14215,15.71,Midwest
14216,78.66,West
14217,84.68,South
14218,39.52,South
14219,51.51,West
14220,79.42,South
14221,92.67,South
14222,70.23,Northeast
14223,35.83,South
14224,83.83,Northeast
14225,28.28,West
14226,35.08,Midwest
14227,94.07,Northeast
14228,56.48,West
14229,66.95,South
14230,50.61,South
14231,63.64,Midwest
14232,62.32,Northeast
14234,46.32,South
14235,10.92,Northeast
14236,36.24,Midwest
14237,89.5,Midwest
14238,31.81,Northeast
14239,23.38,Northeast
14240,93.32,South
14241,78.12,Northeast
14242,48.91,Northeast
14243,41.76,South
14244,87.86,South
14245,88.13,West
14246,11.79,South
14247,51.12,Northeast
14248,24.21,South
14249,64.23,West
14250,63.21,Northeast
14252,47.04,West
14253,29.04,South
14254,58.17,South
14255,80.48,West
14256,30.1,West
14257,27.4,Northeast
14258,79.38,Midwest
14259,79.89,Northeast
14260,12.85,South
14261,18.38,South
14262,11.67,South
14263,45.96,Northeast
14264,77.55,Midwest
14265,18.62,Northeast
14266,88.52,Midwest
14268,45.85,Northeast
14269,87.42,Northeast
14270,19.04,Midwest
14271,96.78,West
14272,47.3,Northeast
14273,76.14,Midwest
14274,49.3,Midwest
14275,28.58,West
14276,19.35,South
14277,37.21,Midwest
14278,60.82,West
14279,48.35,West
14280,93.42,West
14281,81.9,South
14282,17.88,South
14283,13.24,Midwest
14284,22.56,West
14285,51.77,Midwest
14286,59.64,Northeast
14287,64.88,South
14288,25.88,Northeast
14289,99.1,Midwest
14290,70.94,Northeast
14291,99.11,Northeast
14292,60.55,Midwest
14293,48.14,Northeast
14294,64.45,Northeast
14295,31.62,Northeast
14296,15.2,South
14297,89.36,West
14298,53.0,West
14299,27.11,South
14300,99.4,Midwest
14301,16.21,Midwest
14303,21.16,Midwest
14304,42.75,Midwest
14305,12.84,Northeast
14306,99.15,Northeast
14307,69.92,West
14308,92.83,Midwest
14309,35.78,Northeast
14310,34.28,West
14311,43.22,Midwest
14312,60.87,Northeast
14313,17.84,West
14314,84.05,South
14315,37.55,South
14316,58.51,Midwest
14317,62.31,Midwest
14318,33.68,South
14319,15.31,Northeast
14320,88.17,West
14322,68.17,West
14323,91.34,West
14324,81.63,Midwest
14325,64.72,Midwest
14326,25.9,West
14327,23.27,Midwest
14328,97.41,Northeast
14329,34.63,Northeast
14330,84.72,South
14331,15.09,South
14332,56.69,South
14333,23.21,South
14334,49.75,West
14335,95.63,Midwest
14336,98.6,Midwest
14337,33.82,South
14338,96.8,West
14339,43.37,Midwest
14340,13.73,West
14341,41.41,South
14342,63.26,Midwest
14343,38.22,Northeast
14344,55.26,Northeast
14345,68.24,West
14346,64.43,South
14347,59.86,West
14348,15.26,South
14349,93.49,Northeast
14350,24.71,South
14351,97.37,South
14352,99.73,Northeast
14353,74.3,South
14354,27.64,Midwest
14355,94.24,Midwest
14356,51.04,Midwest
14357,63.99,South
14358,78.78,Midwest
14359,78.4,West
14360,38.62,Midwest
14361,24.62,Northeast
14362,58.55,Midwest
14363,36.61,South
14364,27.56,Midwest
14365,33.26,Northeast
14366,67.84,West
14367,54.0,West
14368,91.64,South
14369,22.98,Midwest
14370,94.72,Northeast
14371,74.02,Midwest
14372,67.02,Northeast
14373,59.7,West
14374,84.96,South
14375,24.61,West
14376,56.29,South
14377,54.01,Midwest
14378,53.85,Midwest
14379,11.34,South
14380,33.39,West
14381,81.63,Midwest
14382,30.93,West
14383,91.33,South
14384,96.27,West
14385,62.4,West
14386,43.24,Midwest
14387,14.77,South
14388,66.13,Midwest
14389,91.21,Northeast
14390,58.22,South
14391,85.33,South
14392,75.29,Northeast
14393,86.26,West
14394,31.94,South
14395,99.4,West
14396,98.03,South
14397,46.02,West
14398,71.99,Midwest
14399,31.21,West
14401,26.64,West
14402,60.16,West
14403,69.35,Northeast
14404,66.08,South
14405,45.32,South
14406,61.78,South
14407,25.09,Midwest
14408,19.05,West
14409,79.37,West
14410,59.19,South
14411,10.36,Midwest
14412,42.86,West
14413,71.14,South
14414,71.08,Midwest
14415,47.52,Northeast
14416,38.91,Northeast
14417,21.53,West
14418,63.03,Northeast
14419,66.82,West
14420,36.05,Midwest
14421,37.59,West
14422,81.53,Midwest
14423,69.11,West
14424,92.02,South
14425,16.04,South
14426,18.9,West
14427,79.69,West
14428,80.56,South
14429,55.23,South
14430,12.48,West
14431,48.35,Northeast
14432,55.78,Midwest
14433,47.64,South
14434,89.38,Midwest
14435,82.19,West
14436,72.21,Northeast
14437,64.89,Midwest
14438,85.0,Northeast
14439,14.82,South
14440,35.82,Northeast
14441,93.83,Midwest
14442,98.22,Midwest
14443,52.52,Northeast
14444,42.07,West
14445,90.48,West
14446,11.55,Midwest
14447,24.29,South
14448,16.26,West
14449,95.87,Northeast
14450,24.68,Northeast
14451,15.2,Northeast
14452,34.92,West
14453,62.49,Northeast
14454,71.1,Northeast
14455,47.13,Northeast
14456,35.58,West
14457,88.7,Northeast
14458,66.2,West
14459,95.73,Midwest
14460,60.42,South
14461,92.18,West
14462,52.9,Northeast
14463,28.09,Northeast
14464,78.18,Northeast
14465,19.39,Northeast
14466,24.29,Midwest
14467,56.28,Midwest
14468,95.79,Midwest
14469,83.55,South
14470,27.26,Northeast
14471,53.77,Northeast
14472,81.3,South
14473,14.6,West
14474,45.95,Midwest
14475,33.92,South
14476,87.06,South
14477,21.46,Midwest
14478,35.28,Northeast
14479,36.74,South
14480,73.92,Northeast
14481,65.56,South
14482,24.79,West
14483,46.21,West
14484,61.73,South
14485,63.15,South
14486,91.75,Northeast
14487,30.23,South
14488,82.92,South
14489,96.95,South
14490,97.92,South
14491,59.06,South
14492,90.05,South
14493,71.88,South
14494,43.73,West
14495,82.45,Northeast
14496,47.56,South
14497,49.12,Midwest
14498,46.31,Northeast
14499,19.95,West
14500,29.05,Northeast
14501,46.92,South
14502,32.2,Midwest
14503,24.02,South
14504,50.58,West
14505,61.79,Northeast
14506,72.51,Northeast
14507,55.05,South
14508,62.98,West
14509,37.13,Northeast
14510,68.28,Midwest
14511,64.71,Midwest
14512,92.98,Midwest
14513,85.83,South
14514,60.61,Northeast
14515,67.64,Midwest
14516,92.79,West
14517,51.11,West
14518,29.63,Midwest
14519,72.87,Northeast
14520,43.5,Midwest
14521,81.9,West
14522,93.18,Midwest
14523,52.95,West
14524,66.76,Midwest
14525,43.88,Northeast
14526,52.96,Midwest
14527,31.6,West
14528,89.46,Northeast
14529,38.84,Midwest
14530,95.31,West
14531,59.16,Northeast
14532,89.22,West
14533,50.52,West
14534,63.28,South
14535,27.44,Midwest
14536,25.66,Northeast
14537,49.28,Northeast
14538,26.14,South
14539,75.63,Midwest
14540,69.26,Northeast
14541,54.69,West
14542,39.95,West
14543,55.3,Northeast
14544,50.46,Midwest
14545,74.17,West
14546,12.69,Northeast
14547,83.9,Midwest
14548,34.95,West
14549,87.71,West
14550,49.08,Northeast
14551,82.52,Northeast
14552,22.86,Midwest
14553,70.17,Midwest
14554,95.01,West
14555,55.16,Midwest
14556,19.04,West
14557,44.83,West
14558,97.38,Northeast
14559,71.0,Midwest
14560,17.28,West
14561,10.78,Northeast
14562,72.68,Midwest
14563,77.53,Northeast
14564,84.7,Midwest
14565,76.69,Midwest
14566,42.6,West
14567,76.63,Northeast
14568,12.07,Midwest
14569,71.03,West
14570,76.91,Northeast
14571,20.54,South
14572,57.26,South
14573,19.38,Midwest
14574,47.25,South
14575,64.3,West
14576,16.76,Northeast
14578,67.76,South
14579,29.75,South
14580,38.5,Northeast
14581,31.22,West
14582,71.03,Northeast
14583,27.48,South
14584,93.8,South
14585,51.06,Midwest
14586,54.27,Midwest
14587,95.49,South
14588,16.54,West
14589,70.33,Midwest
14590,32.45,West
14591,31.32,Midwest
14592,88.26,Northeast
14593,20.01,Midwest
14594,85.34,West
14595,37.99,West
14596,68.59,West
14597,13.65,South
14598,76.57,South
14599,69.5,Midwest
14600,11.51,Midwest
14601,23.27,Northeast
14602,34.22,West
14603,77.94,South
14604,34.58,South
14605,20.99,Midwest
14606,83.47,Midwest
14607,43.83,West
14608,41.72,South
14609,91.0,Northeast
14610,55.39,Northeast
14611,83.17,South
14612,61.39,Northeast
14613,24.75,South
14615,63.51,Midwest
14616,21.21,West
14617,94.62,Northeast
14618,17.82,West
14619,40.1,Midwest
14620,64.23,Midwest
14621,36.16,Northeast
14622,49.6,West
14623,69.21,West
14624,52.15,Midwest
14625,79.39,South
14626,90.19,South
14627,95.08,Midwest
14628,43.61,Northeast
14629,45.07,South
14630,42.14,Northeast
14631,23.92,South
14632,54.9,Midwest
14633,39.65,West
14634,89.29,Midwest
14635,31.16,Northeast
14637,93.68,Midwest
14638,64.88,Midwest
14639,71.71,Northeast
14640,47.26,Midwest
14641,39.64,Northeast
14642,57.44,Northeast
14643,33.06,West
14644,33.8,South
14645,86.54,South
14646,81.59,South
14647,44.43,Northeast
14648,30.77,West
14649,24.38,Northeast
14650,98.14,West
14651,30.6,Northeast
14652,51.24,Midwest
14653,32.2,Midwest
14654,33.06,West
14655,75.93,South
14656,12.41,West
14657,56.95,West
14658,92.54,South
14659,13.79,Northeast
14660,27.21,Midwest
14661,77.88,South
14662,49.16,West
14663,41.89,South
14664,10.06,West
14665,79.99,South
14666,23.44,South
14667,49.01,Northeast
14668,10.7,West
14669,71.83,West
14670,77.69,South
14671,45.81,South
14672,14.63,Northeast
14673,70.82,South
14674,78.08,West
14675,75.37,West
14676,23.95,Northeast
14677,56.82,Midwest
14678,85.24,Midwest
14679,53.99,West
14680,70.89,Northeast
14681,62.3,South
14682,22.56,West
14683,57.04,Midwest
14684,63.12,South
14685,44.23,Midwest
14686,38.55,West
14687,78.76,Northeast
14688,96.9,South
14689,22.04,South
14690,91.66,West
14691,52.88,West
14692,40.11,South
14693,29.18,South
14694,26.97,Midwest
14695,76.73,Northeast
14696,90.26,Midwest
14697,60.93,South
14698,72.45,West
14700,60.65,South
14701,13.88,West
14702,83.35,Midwest
14703,27.91,Northeast
14704,96.03,Midwest
14705,84.98,Northeast
14706,36.3,South
14707,57.02,Midwest
14708,59.26,West
14709,82.89,Midwest
14710,45.96,Northeast
14711,26.35,Midwest
14712,85.68,South
14713,15.87,South
14714,66.24,West
14715,78.39,West
14716,68.36,West
14717,99.84,Midwest
14718,44.2,South
14719,10.02,Northeast
14720,28.49,South
14721,62.55,Midwest
14722,91.69,Midwest
14723,85.78,South
14724,99.07,Midwest
14725,49.02,West
14726,96.69,South
14727,45.41,Northeast
14728,38.5,Northeast
14729,95.66,Midwest
14730,13.71,West
14731,17.66,Midwest
14732,29.72,Northeast
14733,59.74,West
14734,16.9,West
14735,24.75,West
14736,56.66,Midwest
14737,32.66,West
14738,52.92,West
14739,27.32,Northeast
14740,77.75,Northeast
14741,72.15,West
14742,18.85,Midwest
14743,46.57,South
14744,82.53,West
14745,23.58,West
14746,21.07,West
14747,78.89,West
14748,96.51,West
14749,24.79,Northeast
14750,79.61,Midwest
14751,74.69,Northeast
14752,40.4,West
14753,64.77,South
14754,55.79,Midwest
14755,56.67,Northeast
14756,82.91,South
14757,63.52,Midwest
14758,32.75,South
14759,84.97,Northeast
14760,37.78,West
14761,47.52,South
14762,76.16,West
14763,78.71,Northeast
14764,14.4,Northeast
14765,68.71,South
14766,42.05,South
14767,21.52,Northeast
14768,67.59,West
14769,43.8,South
14770,62.71,West
14771,70.57,West
14772,14.57,South
14773,37.79,Northeast
14774,47.11,Northeast
14775,41.57,West
14776,99.38,Midwest
14777,91.18,South
14778,42.38,Midwest
14779,85.73,Midwest
14780,85.55,South
14781,72.31,West
14782,42.21,Midwest
14783,17.87,Midwest
14784,47.87,Midwest
14785,40.03,Midwest
14786,12.38,West
14787,43.52,South
14788,43.61,West
14789,49.44,Midwest
14790,19.03,Midwest
14791,11.27,Midwest
14792,47.23,Northeast
14793,48.99,South
14794,82.33,South
14795,34.01,Midwest
14796,40.8,Northeast
14797,78.43,West
14798,33.16,West
14799,65.22,South
14800,31.98,West
14801,12.34,South
14802,70.55,West
14803,12.16,West
14804,26.89,South
14805,81.44,Midwest
14806,36.7,Midwest
14807,87.27,Midwest
14808,58.42,Midwest
14809,23.32,West
14810,93.51,Midwest
14811,36.12,South
14812,53.35,Northeast
14813,31.36,South
14814,52.26,Northeast
14816,64.68,Northeast
14817,51.24,West
14818,79.86,South
14819,20.74,South
14820,98.21,Northeast
14821,11.04,South
14822,34.91,West
14823,84.68,Northeast
14824,15.8,Midwest
14825,54.02,West
14826,12.77,West
14827,46.11,Northeast
14828,36.0,West
14829,28.92,Northeast
14830,56.18,Northeast
14831,79.23,West
14832,98.89,South
14833,38.49,Northeast
14834,78.09,Northeast
14835,23.15,Northeast
14836,26.8,West
14837,51.65,Northeast
14838,39.88,West
14839,84.85,West
14840,93.63,West
14841,84.81,West
14842,16.97,South
14843,81.96,Northeast
14844,99.57,West
14845,56.43,Midwest
14846,91.54,South
14847,24.82,West
14848,73.36,South
14849,58.54,West
14850,64.73,Midwest
14851,96.01,Midwest
14852,43.01,South
14853,85.39,Northeast
14854,96.72,Midwest
14855,12.74,South
14856,19.65,Northeast
14857,18.26,Midwest
14858,65.45,West
14859,40.58,Midwest
14860,32.74,South
14862,77.03,West
14863,88.07,West
14864,25.3,South
14865,31.58,West
14866,88.84,Northeast
14867,21.81,Northeast
14868,35.59,West
14869,22.26,Northeast
14870,48.61,Northeast
14871,27.91,Midwest
14872,52.77,Northeast
14873,22.1,Northeast
14874,10.34,West
14875,10.95,Midwest
14876,52.34,South
14877,39.34,West
14878,95.56,Midwest
14879,88.38,Northeast
14880,99.11,Midwest
14881,60.44,Midwest
14882,94.03,Northeast
14883,97.03,Northeast
14884,47.99,West
14885,16.12,Midwest
14886,42.71,South
14887,54.17,West
14888,89.17,West
14889,98.91,West
14890,17.31,West
14891,56.1,West
14892,18.54,Midwest
14893,40.75,West
14894,37.5,Midwest
14895,13.57,Northeast
14896,90.76,Northeast
14897,97.76,West
14898,58.87,Northeast
14899,12.42,Northeast
14900,42.37,West
14901,76.94,West
14902,84.69,South
14903,26.53,Midwest
14904,63.01,Northeast
14906,95.22,South
14907,42.32,South
14908,37.14,Northeast
14909,30.0,West
14910,37.08,Northeast
14911,76.27,Midwest
14912,30.31,Midwest
14913,43.59,Midwest
14914,60.62,West
14915,48.4,Midwest
14916,31.38,Midwest
14917,52.05,South
14918,87.8,Northeast
14919,57.98,Midwest
14920,70.29,South
14921,65.92,Northeast
14922,41.84,West
14923,35.24,Midwest
14924,52.24,West
14925,16.75,Northeast
14926,94.35,Northeast
14927,63.8,South
14928,60.95,West
14929,72.02,Northeast
14930,48.98,Northeast
14931,18.94,South
14932,25.35,South
14933,40.05,Northeast
14934,36.07,Midwest
14935,76.14,West
14936,24.4,Northeast
14937,69.56,West
14938,17.8,Midwest
14939,77.56,West
14940,99.19,Midwest
14941,43.02,Northeast
14942,52.44,West
14943,59.91,West
14944,12.06,Midwest
14945,24.3,West
14946,62.12,South
14947,91.42,Midwest
14948,31.57,West
14949,52.19,Northeast
14950,20.34,South
14952,41.97,South
14953,67.56,South
14954,67.4,South
14955,42.84,South
14956,17.56,Midwest
14957,60.31,Northeast
14958,12.98,Northeast
14959,35.43,West
14960,12.36,Midwest
14961,99.58,South
14962,21.11,West
14963,16.64,South
14964,66.8,Midwest
14965,99.73,Midwest
14966,94.32,Northeast
14967,32.3,South
14969,67.79,Midwest
14970,24.55,Northeast
14971,39.09,Northeast
14973,68.13,South
14974,97.27,West
14975,41.36,West
14976,42.3,Northeast
14977,56.63,Northeast
14978,54.14,West
14979,17.16,West
14980,11.29,Northeast
14981,59.31,West
14982,23.7,South
14983,61.57,West
14984,59.57,Midwest
14985,20.6,Midwest
14986,90.41,Northeast
14987,34.43,South
14988,32.63,Northeast
14989,12.3,West
14990,30.93,Midwest
14991,15.9,West
14992,50.03,Midwest
14993,72.21,South
14994,88.09,West
14995,81.59,Midwest
14996,71.2,Midwest
14997,44.29,South
14998,51.18,Midwest
14999,87.07,South
